game_id,season,week,home_margin,predicted,reference
2023_01_DET_KC,2023,1,-1.0,3.13072718207549,4.101790883171603
2023_01_CAR_ATL,2023,1,14.0,-0.3066240103973732,-1.767478039603237
2023_01_HOU_BAL,2023,1,16.0,6.036027734380372,5.87713586991252
2023_01_CIN_CLE,2023,1,21.0,-2.240286345742021,-2.7356166098370878
2023_01_JAX_IND,2023,1,-10.0,-6.588562328812254,-9.772212729327247
2023_01_TB_MIN,2023,1,-3.0,-0.5535580357440077,0.6678105154693543
2023_01_TEN_NO,2023,1,1.0,4.193367978503993,6.553416939468193
2023_01_SF_PIT,2023,1,-23.0,-0.42807746975607003,1.2788106458313044
2023_01_ARI_WAS,2023,1,4.0,2.960831293481866,3.6537365097170524
2023_01_GB_CHI,2023,1,-18.0,-5.301328675058981,-8.796898851917554
2023_01_LV_DEN,2023,1,-1.0,-0.44232504707959197,-1.1990474555790218
2023_01_MIA_LAC,2023,1,-2.0,2.5859663243776736,5.402389737369148
2023_01_PHI_NE,2023,1,-5.0,-2.1884117827528433,-4.890315233845756
2023_01_LA_SEA,2023,1,-17.0,4.240885915160461,3.7052939974389076
2023_01_DAL_NYG,2023,1,-40.0,-2.2489172033212474,0.1965792337613309
2023_01_BUF_NYJ,2023,1,6.0,-6.456043910825618,-9.006382486730981
2023_02_MIN_PHI,2023,2,6.0,2.052425463388079,0.4189717787104641
2023_02_GB_ATL,2023,2,1.0,-1.5453772201818743,-1.84188332107168
2023_02_LV_BUF,2023,2,28.0,6.090637164077156,8.531798067987413
2023_02_BAL_CIN,2023,2,-3.0,1.2798903517773996,2.3550779530539785
2023_02_SEA_DET,2023,2,-6.0,6.36699811472275,8.717714322060461
2023_02_IND_HOU,2023,2,-11.0,-1.7122679150099929,0.14435404986334716
2023_02_KC_JAX,2023,2,-8.0,1.1785508829660616,2.941437172951915
2023_02_CHI_TB,2023,2,10.0,7.170724106448463,8.901595697299006
2023_02_LAC_TEN,2023,2,3.0,-5.9385934736560095,-9.92799847805826
2023_02_NYG_ARI,2023,2,-3.0,-1.6142273953824298,-4.053287427623199
2023_02_SF_LA,2023,2,-7.0,-4.348597813114113,-4.836241610081399
2023_02_NYJ_DAL,2023,2,20.0,12.009577560957247,9.965699922805285
2023_02_WAS_DEN,2023,2,-2.0,-1.3268540510094071,-3.105847572542476
2023_02_MIA_NE,2023,2,-7.0,-2.186576570911533,-3.4759050225583614
2023_02_NO_CAR,2023,2,-3.0,2.1598647473942796,2.849767311016145
2023_02_CLE_PIT,2023,2,4.0,0.7723337548635035,3.461921490850165
2023_03_NYG_SF,2023,3,18.0,11.406197898478226,8.904855652871019
2023_03_IND_BAL,2023,3,-3.0,5.338313150950546,4.906398100971882
2023_03_TEN_CLE,2023,3,24.0,4.033545843913715,5.698036554090216
2023_03_ATL_DET,2023,3,14.0,1.6436719496052206,4.447860047450599
2023_03_NO_GB,2023,3,1.0,3.583492377533106,2.111437093725754
2023_03_HOU_JAX,2023,3,-20.0,10.8224467405291,8.019883430595502
2023_03_DEN_MIA,2023,3,50.0,1.6581508699000798,1.3349545929772781
2023_03_LAC_MIN,2023,3,-4.0,-1.3617524731044859,-1.3653987024968643
2023_03_NE_NYJ,2023,3,-5.0,-1.8426782783842404,-3.7441788872583475
2023_03_BUF_WAS,2023,3,-34.0,-7.655547461851482,-7.159501890089864
2023_03_CAR_SEA,2023,3,10.0,1.2332226227079186,2.012248548099424
2023_03_DAL_ARI,2023,3,12.0,-7.946375119118092,-8.143540327425448
2023_03_CHI_KC,2023,3,31.0,13.181564477449056,12.468767982913949
2023_03_PIT_LV,2023,3,-5.0,2.2703109728978808,-0.7894365209942507
2023_03_PHI_TB,2023,3,-14.0,-2.2423486205263217,0.4670748105162738
2023_03_LA_CIN,2023,3,3.0,1.4984685495706023,3.58490219606139
2023_04_DET_GB,2023,4,-14.0,-0.3137625059484367,-0.3060450448607534
2023_04_ATL_JAX,2023,4,16.0,-1.1355781767395563,1.988689818580339
2023_04_MIA_BUF,2023,4,28.0,5.506054493405485,4.5664469094386
2023_04_MIN_CAR,2023,4,-8.0,-3.4188107219142236,-4.330012439484246
2023_04_DEN_CHI,2023,4,-3.0,-2.55294155278033,-4.306956229910705
2023_04_BAL_CLE,2023,4,-25.0,2.4445703058378605,1.0932212736996902
2023_04_PIT_HOU,2023,4,24.0,0.36970540977898864,0.5022770164322488
2023_04_LA_IND,2023,4,-6.0,-2.1803608813636397,-0.5742234135136255
2023_04_TB_NO,2023,4,-17.0,4.167824075147209,4.53921669076819
2023_04_WAS_PHI,2023,4,3.0,6.30086837200034,6.186807946136635
2023_04_CIN_TEN,2023,4,24.0,-3.3372233253273293,-2.99692715180839
2023_04_LV_LAC,2023,4,7.0,6.399336269790249,7.707733615463566
2023_04_NE_DAL,2023,4,35.0,5.478378914286194,1.8150044008916346
2023_04_ARI_SF,2023,4,19.0,13.317176004290175,13.476001133909485
2023_04_KC_NYJ,2023,4,-3.0,-9.338922644328186,-11.427597839344251
2023_04_SEA_NYG,2023,4,-21.0,-5.1942956944347385,-3.4924754614805584
2023_05_CHI_WAS,2023,5,-20.0,8.416045710879327,4.25176673887767
2023_05_JAX_BUF,2023,5,-5.0,13.160518949554787,9.401362253738407
2023_05_HOU_ATL,2023,5,2.0,-1.8660556818513423,-1.4137304460061089
2023_05_CAR_DET,2023,5,18.0,9.854286210740405,8.485238943152488
2023_05_TEN_IND,2023,5,7.0,2.354853067402571,3.9619573375865107
2023_05_NYG_MIA,2023,5,15.0,13.324400316793263,10.17988323105323
2023_05_NO_NE,2023,5,-34.0,-0.4389055596009935,-1.9222017901177526
2023_05_BAL_PIT,2023,5,7.0,-4.0687398814852385,-1.5642948828010153
2023_05_CIN_ARI,2023,5,-14.0,3.000092524261798,2.58866616292866
2023_05_PHI_LA,2023,5,-9.0,-5.3067717215329395,-3.2610894434918762
2023_05_NYJ_DEN,2023,5,-10.0,-0.5717694836978082,3.3292543471982023
2023_05_KC_MIN,2023,5,-7.0,-6.1589446443606075,-4.138174040876292
2023_05_DAL_SF,2023,5,32.0,3.453782704750421,4.81357589811262
2023_05_GB_LV,2023,5,4.0,-1.0948255735675212,0.03577193840596471
2023_06_DEN_KC,2023,6,11.0,12.344773005054574,11.518190696641811
2023_06_BAL_TEN,2023,6,-8.0,-4.426582490979714,-3.397619643509061
2023_06_WAS_ATL,2023,6,-8.0,3.4745427372171553,4.736001830138628
2023_06_MIN_CHI,2023,6,-6.0,-5.4835181727791715,-2.329090639059684
2023_06_SEA_CIN,2023,6,4.0,0.019861635764101326,0.42727261255817994
2023_06_SF_CLE,2023,6,2.0,-5.473390897997886,-5.167082314281604
2023_06_NO_HOU,2023,6,7.0,0.8155472581137712,2.8803742286272174
2023_06_IND_JAX,2023,6,17.0,3.615403039136803,3.9856765627780115
2023_06_CAR_MIA,2023,6,21.0,12.656073813332991,11.169937333431033
2023_06_NE_LV,2023,6,4.0,0.8007467158280123,1.6009774443045597
2023_06_ARI_LA,2023,6,17.0,3.4864511653514136,3.204635234850318
2023_06_PHI_NYJ,2023,6,6.0,-5.99755905773319,-7.294105255779506
2023_06_DET_TB,2023,6,-14.0,-3.76421279434051,-1.1809837516795523
2023_06_NYG_BUF,2023,6,5.0,16.760898419411017,15.28846796300255
2023_06_DAL_LAC,2023,6,-3.0,-1.733920637308868,2.5063996838331155
2023_07_JAX_NO,2023,7,-7.0,-1.3884787487778856,-0.8656591584150247
2023_07_DET_BAL,2023,7,32.0,-1.6493148935891888,-1.0977559725055042
2023_07_LV_CHI,2023,7,18.0,-1.8972946225932956,-1.0598454642225716
2023_07_CLE_IND,2023,7,-1.0,-1.049241515310281,0.9328374670371481
2023_07_BUF_NE,2023,7,4.0,-8.32267243219328,-9.319447437843676
2023_07_WAS_NYG,2023,7,7.0,-1.76595777544139,-1.5125962282793695
2023_07_ATL_TB,2023,7,-3.0,3.0197632263617855,1.8219645917398941
2023_07_PIT_LA,2023,7,-7.0,4.435433648449589,1.904865812437033
2023_07_ARI_SEA,2023,7,10.0,7.690020276948485,7.233420584530175
2023_07_GB_DEN,2023,7,2.0,-4.409487767549499,-3.0847525431258602
2023_07_LAC_KC,2023,7,14.0,7.052603955085617,7.273837529125734
2023_07_MIA_PHI,2023,7,14.0,1.9228285253691189,-0.12051152539754328
2023_07_SF_MIN,2023,7,5.0,-6.442848245305427,-5.104509221301969
2023_08_TB_BUF,2023,8,6.0,13.158731766157402,8.08051796817713
2023_08_HOU_CAR,2023,8,2.0,-5.587477657882546,-6.810517675199144
2023_08_LA_DAL,2023,8,23.0,4.330416041469395,2.347064227139614
2023_08_MIN_GB,2023,8,-14.0,3.714823796488907,2.211455825504827
2023_08_NO_IND,2023,8,-11.0,0.2642943375932777,1.5340144359559433
2023_08_NE_MIA,2023,8,14.0,9.444060333819671,7.798159325685575
2023_08_NYJ_NYG,2023,8,-3.0,-2.502073415312453,0.35910519874707886
2023_08_JAX_PIT,2023,8,-10.0,-2.3838132618608285,-1.2102155722233614
2023_08_ATL_TEN,2023,8,5.0,-2.3005768711089134,-5.244139134018076
2023_08_PHI_WAS,2023,8,-7.0,-6.851896079483045,-5.5189697670302635
2023_08_CLE_SEA,2023,8,4.0,2.940782765051634,5.496095563176734
2023_08_BAL_ARI,2023,8,-7.0,-7.335044458376616,-9.791332763555019
2023_08_KC_DEN,2023,8,15.0,-6.0600780312080325,-4.47568437013379
2023_08_CIN_SF,2023,8,-14.0,11.193546182211758,7.401211472200048
2023_08_CHI_LAC,2023,8,17.0,2.491595357199713,0.8633619116903948
2023_08_LV_DET,2023,8,12.0,10.17090322029831,5.937485043171662
2023_09_TEN_PIT,2023,9,4.0,1.782738525476462,2.629001243016943
2023_09_MIA_KC,2023,9,7.0,-2.5914497653826682,-1.6871090879692767
2023_09_MIN_ATL,2023,9,-3.0,-0.34148662434400295,2.400706567827066
2023_09_SEA_BAL,2023,9,34.0,5.22145177271954,3.1572743533313083
2023_09_ARI_CLE,2023,9,27.0,3.4768979560750104,2.7416340348368418
2023_09_LA_GB,2023,9,17.0,1.9412334304570993,1.5925527044238483
2023_09_TB_HOU,2023,9,2.0,4.04419046737759,5.919377668504888
2023_09_WAS_NE,2023,9,-3.0,-0.7848783844834767,-1.9377875780991738
2023_09_CHI_NO,2023,9,7.0,8.199347437152184,5.485170909507544
2023_09_IND_CAR,2023,9,-14.0,-4.742699699439146,-6.171836759724057
2023_09_NYG_LV,2023,9,24.0,2.7172339030330077,4.139559027169615
2023_09_DAL_PHI,2023,9,5.0,2.3772951773279534,6.128488408149754
2023_09_BUF_CIN,2023,9,6.0,-4.946901381591311,-2.2660845803580276
2023_09_LAC_NYJ,2023,9,-21.0,0.5340400126575966,1.6608177623004519
2023_10_CAR_CHI,2023,10,3.0,3.239483157816366,4.375738592562834
2023_10_IND_NE,2023,10,-4.0,-5.396671058597018,-3.2058977794032337
2023_10_CLE_BAL,2023,10,-2.0,8.047363137141833,8.640485280101416
2023_10_HOU_CIN,2023,10,-3.0,2.5725117722803734,2.8124524606887547
2023_10_SF_JAX,2023,10,-31.0,-2.5884979144820783,1.9214328712675104
2023_10_NO_MIN,2023,10,8.0,-0.088820945414673,1.6369233289389624
2023_10_GB_PIT,2023,10,4.0,1.3704579886223192,3.0197633422657053
2023_10_TEN_TB,2023,10,14.0,1.8545838431078578,2.2997002679629257
2023_10_ATL_ARI,2023,10,2.0,-5.391803242620542,-5.175035712798007
2023_10_DET_LAC,2023,10,-3.0,-1.3556565825999927,-1.8117873040650845
2023_10_NYG_DAL,2023,10,32.0,12.403687373494218,8.875211821511858
2023_10_WAS_SEA,2023,10,3.0,3.4991169930029113,3.538952328231494
2023_10_NYJ_LV,2023,10,4.0,-0.36582683561738316,0.3833809249499587
2023_10_DEN_BUF,2023,10,-2.0,11.27044353298618,6.088794079691052
2023_11_CIN_BAL,2023,11,14.0,5.750854484759305,5.359175423873615
2023_11_DAL_CAR,2023,11,-23.0,-7.3087718895035625,-6.869239147739769
2023_11_PIT_CLE,2023,11,3.0,6.556205470490734,4.6158576335349135
2023_11_CHI_DET,2023,11,5.0,8.860662264995653,5.060903795291898
2023_11_LAC_GB,2023,11,3.0,-1.4920958791557346,0.3770733786459075
2023_11_ARI_HOU,2023,11,5.0,9.894711427375386,10.118532207097417
2023_11_TEN_JAX,2023,11,20.0,5.461786770021359,7.0592306969366705
2023_11_LV_MIA,2023,11,7.0,8.457271139639133,6.141635252473026
2023_11_NYG_WAS,2023,11,-12.0,7.820175354560927,8.135043498335811
2023_11_TB_SF,2023,11,13.0,11.053435950489389,5.473299187995506
2023_11_NYJ_BUF,2023,11,26.0,10.722732869987627,7.774033737620733
2023_11_SEA_LA,2023,11,1.0,-0.23790213531536075,-2.316070923048417
2023_11_MIN_DEN,2023,11,1.0,-4.790962457823445,-2.6737947837079528
2023_11_PHI_KC,2023,11,-4.0,-1.4338839174814135,-0.6604735129791167
2023_12_GB_DET,2023,12,-7.0,4.519830889629613,6.856731086429379
2023_12_WAS_DAL,2023,12,35.0,7.862086569292185,5.061432611607375
2023_12_SF_SEA,2023,12,-18.0,-5.2715347279323606,-1.5858381476698211
2023_12_MIA_NYJ,2023,12,-21.0,-4.962694811788857,-3.2092878622126744
2023_12_NO_ATL,2023,12,9.0,-3.7917383513861296,-1.5604143192219353
2023_12_PIT_CIN,2023,12,-6.0,5.831416735333531,5.504975724909898
2023_12_JAX_HOU,2023,12,-3.0,-1.4877538642317263,1.8467300729321101
2023_12_TB_IND,2023,12,7.0,2.434496403492192,5.968840776593611
2023_12_NE_NYG,2023,12,3.0,-1.3042859277643022,-2.512474086276034
2023_12_CAR_TEN,2023,12,7.0,4.63036409893138,4.412703299984898
2023_12_LA_ARI,2023,12,-23.0,-1.9842688900552687,-0.04881788667893963
2023_12_CLE_DEN,2023,12,17.0,-1.3428779163564033,1.00892034661852
2023_12_KC_LV,2023,12,-14.0,-4.324882994717939,-1.6863871521588192
2023_12_BUF_PHI,2023,12,3.0,0.12374462482510007,2.5376211930525416
2023_12_BAL_LAC,2023,12,-10.0,-5.796650028019242,-3.6207114576692643
2023_12_CHI_MIN,2023,12,-2.0,6.931444326378395,5.507889861317246
2023_13_SEA_DAL,2023,13,6.0,14.408040863043038,13.958758982152485
2023_13_DEN_HOU,2023,13,5.0,4.3858083073253855,5.013862949625026
2023_13_LAC_NE,2023,13,-6.0,-1.974517630050019,0.3070247481071072
2023_13_DET_NO,2023,13,-5.0,-2.97756256067518,-4.076490027113554
2023_13_ATL_NYJ,2023,13,-5.0,-3.8429623055002633,-2.7362940239052245
2023_13_ARI_PIT,2023,13,-14.0,10.315329120698749,9.604366683917066
2023_13_IND_TEN,2023,13,-3.0,0.9318484128307221,-0.24496975712718289
2023_13_MIA_WAS,2023,13,-30.0,-7.0968985369094,-5.716653650816965
2023_13_CAR_TB,2023,13,3.0,10.40029734470246,6.669009850116161
2023_13_CLE_LA,2023,13,17.0,1.833065260518165,0.30373203905377244
2023_13_SF_PHI,2023,13,-23.0,-0.5029856277494869,2.3594884833875875
2023_13_KC_GB,2023,13,8.0,-1.5827151660639622,1.4623372728890967
2023_13_CIN_JAX,2023,13,-3.0,5.504996159518057,7.51847684984912
2023_14_NE_PIT,2023,14,-3.0,5.404102420810535,6.4299534706279715
2023_14_TB_ATL,2023,14,-4.0,2.474982596927521,4.728529512319392
2023_14_LA_BAL,2023,14,6.0,9.225870229863935,6.699326937759759
2023_14_DET_CHI,2023,14,15.0,-5.995084518985303,-2.180319572310274
2023_14_IND_CIN,2023,14,20.0,2.885801596267623,0.5921862969273683
2023_14_JAX_CLE,2023,14,4.0,-2.189422011956058,-1.766718038252431
2023_14_CAR_NO,2023,14,22.0,10.167074791358683,8.15091989940437
2023_14_HOU_NYJ,2023,14,24.0,-6.723350854077134,-6.3567015785202665
2023_14_MIN_LV,2023,14,-3.0,-3.64472768999522,-0.303023636630255
2023_14_SEA_SF,2023,14,12.0,13.662172837194142,11.206955931485398
2023_14_BUF_KC,2023,14,-3.0,-1.513127280052505,-0.18424123097945347
2023_14_DEN_LAC,2023,14,-17.0,3.973192278842751,1.5599582399760987
2023_14_PHI_DAL,2023,14,20.0,9.665347233873945,8.178560715657781
2023_14_TEN_MIA,2023,14,-1.0,11.658849483749412,12.35118781507547
2023_14_GB_NYG,2023,14,2.0,-4.938998612352309,-3.244625416162094
2023_15_LAC_LV,2023,15,42.0,-1.7548281630798157,2.157475475255959
2023_15_MIN_CIN,2023,15,3.0,4.0840421186674964,3.1851747459821462
2023_15_PIT_IND,2023,15,17.0,3.7768683249631305,4.982061174669408
2023_15_DEN_DET,2023,15,25.0,3.140507070778648,3.025853106409019
2023_15_ATL_CAR,2023,15,2.0,-1.746007531230981,-1.3332688987397037
2023_15_CHI_CLE,2023,15,3.0,4.774509979426529,2.5261494457513374
2023_15_TB_GB,2023,15,-14.0,4.822409223024051,6.402537685127994
2023_15_NYJ_MIA,2023,15,30.0,9.557120733138758,8.76756933165633
2023_15_KC_NE,2023,15,-10.0,-3.3608310043260183,0.17171275274982048
2023_15_NYG_NO,2023,15,18.0,9.726297030488247,4.2146673387740545
2023_15_HOU_TEN,2023,15,-3.0,2.7368108795144814,1.717012504472993
2023_15_SF_ARI,2023,15,-16.0,-5.670094699797337,-3.1069089482405565
2023_15_WAS_LA,2023,15,8.0,7.760284947240422,5.886246365794021
2023_15_DAL_BUF,2023,15,21.0,-1.379636961088073,-1.2904473521289366
2023_15_BAL_JAX,2023,15,-16.0,-5.049239382664341,-1.3374670991700779
2023_15_PHI_SEA,2023,15,3.0,-3.4969456007956934,-1.6851740648833604
2023_16_NO_LA,2023,16,8.0,3.286319143212241,4.9943510061366005
2023_16_CIN_PIT,2023,16,23.0,-4.573365928443371,-3.2463989990187256
2023_16_BUF_LAC,2023,16,-2.0,-6.124039900703137,-3.145611396208401
2023_16_IND_ATL,2023,16,19.0,0.015062006429074015,-0.3704279863527699
2023_16_GB_CAR,2023,16,-3.0,-5.379909294521925,-3.340435675668212
2023_16_CLE_HOU,2023,16,-14.0,-3.630767061858348,-2.981920201511658
2023_16_DET_MIN,2023,16,-6.0,-0.3236519646716852,0.8233790391884694
2023_16_WAS_NYJ,2023,16,2.0,2.1499085308644865,1.9718283173669897
2023_16_SEA_TEN,2023,16,-3.0,0.7454843510803546,4.87508531710964
2023_16_JAX_TB,2023,16,18.0,1.1262766864999256,1.7270962412479725
2023_16_ARI_CHI,2023,16,11.0,4.360799210986022,5.775708733095929
2023_16_DAL_MIA,2023,16,2.0,1.452352675638515,4.55720273150242
2023_16_NE_DEN,2023,16,-3.0,8.470325191741772,9.143731347042522
2023_16_LV_KC,2023,16,-6.0,6.615220861188813,5.129459533453778
2023_16_NYG_PHI,2023,16,8.0,11.258895110895875,5.654694215885206
2023_16_BAL_SF,2023,16,-14.0,4.874738835331744,5.0660987363548955
2023_17_NYJ_CLE,2023,17,17.0,10.077175710811899,8.26377297866061
2023_17_DET_DAL,2023,17,1.0,5.7446966676770055,-1.5516447661395887
2023_17_MIA_BAL,2023,17,37.0,3.3633830320519023,2.182622951150092
2023_17_NE_BUF,2023,17,6.0,13.46815449607621,10.101577610903568
2023_17_ATL_CHI,2023,17,20.0,3.8383672367702006,5.889827958431839
2023_17_TEN_HOU,2023,17,23.0,2.332836046677319,3.3874122540416094
2023_17_LV_IND,2023,17,3.0,0.3442557162585317,3.3688391139340377
2023_17_CAR_JAX,2023,17,26.0,11.632412236491152,5.998994292587571
2023_17_LA_NYG,2023,17,-1.0,-3.3016034887994072,-2.5744607341365087
2023_17_ARI_PHI,2023,17,-4.0,10.199130653824989,6.35026927509656
2023_17_NO_TB,2023,17,-10.0,4.586688320235323,5.516492355209254
2023_17_SF_WAS,2023,17,-17.0,-10.500547658010603,-11.367262654862868
2023_17_PIT_SEA,2023,17,-7.0,3.969866358271747,2.6032067170560467
2023_17_LAC_DEN,2023,17,7.0,4.62380613689678,8.17611244317618
2023_17_CIN_KC,2023,17,8.0,2.0582355097790863,-1.1016260710411645
2023_17_GB_MIN,2023,17,-23.0,1.7775236524225648,0.7390501004712435
2023_18_PIT_BAL,2023,18,-7.0,13.71804705286074,9.674753812421773
2023_18_HOU_IND,2023,18,-4.0,3.271569757090014,5.4470711223421215
2023_18_TB_CAR,2023,18,-9.0,-6.092664069354109,-5.987950457314981
2023_18_CLE_CIN,2023,18,17.0,-3.0012116495695498,-5.246034291231075
2023_18_MIN_DET,2023,18,10.0,7.01583499961818,8.208204141934068
2023_18_NYJ_NE,2023,18,-14.0,1.3740338705384283,1.352898851201679
2023_18_ATL_NO,2023,18,31.0,4.844926403777644,3.541533565361917
2023_18_JAX_TEN,2023,18,8.0,-2.63753792047131,-1.0679002194830975
2023_18_SEA_ARI,2023,18,-1.0,-0.8724557235189949,2.474792218012732
2023_18_CHI_GB,2023,18,8.0,4.9428134251282305,3.3682825113018815
2023_18_KC_LAC,2023,18,-1.0,-3.669152468347653,-3.5704248633532925
2023_18_DEN_LV,2023,18,13.0,4.974364176547496,5.493395157385319
2023_18_PHI_NYG,2023,18,17.0,-6.056044260458564,-2.586660360686969
2023_18_LA_SF,2023,18,-1.0,9.450563100835893,5.052756527274086
2023_18_DAL_WAS,2023,18,-28.0,-8.18735608700933,-5.521154005284546
2023_18_BUF_MIA,2023,18,-7.0,1.5332547595531076,1.5746202119913062
2024_01_BAL_KC,2024,1,7.0,-2.918569650619885,-2.2313309432049193
2024_01_GB_PHI,2024,1,5.0,-3.8006357312631818,-3.7339123752853256
2024_01_PIT_ATL,2024,1,-8.0,-3.086823556998561,-2.7895548329863686
2024_01_ARI_BUF,2024,1,6.0,8.570534356374274,5.10651466507506
2024_01_TEN_CHI,2024,1,7.0,5.4732291517206395,7.377072360067144
2024_01_NE_CIN,2024,1,-6.0,4.690741206637226,3.9769538730838976
2024_01_HOU_IND,2024,1,-2.0,1.613511064468453,1.01163902871688
2024_01_JAX_MIA,2024,1,3.0,2.183684668828424,1.4142294863711695
2024_01_CAR_NO,2024,1,37.0,10.470133484734614,10.214732526447651
2024_01_MIN_NYG,2024,1,-22.0,-1.1261833322119226,1.3381659616065393
2024_01_LV_LAC,2024,1,12.0,-1.1962449130182697,-3.903577048058753
2024_01_DEN_SEA,2024,1,6.0,3.200497885688936,2.967152926917416
2024_01_DAL_CLE,2024,1,-16.0,-4.3868827937486685,-0.868056195124379
2024_01_WAS_TB,2024,1,17.0,8.614861457756032,8.52133096219457
2024_01_LA_DET,2024,1,6.0,0.3963319647884878,-1.3552363715549438
2024_01_NYJ_SF,2024,1,13.0,9.060513365563025,6.828038418274367
2024_02_BUF_MIA,2024,2,-21.0,-4.248121230928404,-5.417031829111146
2024_02_LV_BAL,2024,2,-3.0,11.72475711243782,9.63296805495311
2024_02_LAC_CAR,2024,2,-23.0,-1.2674102557225555,-1.1735558315027708
2024_02_NO_DAL,2024,2,-25.0,6.953955366865358,4.197746951308641
2024_02_TB_DET,2024,2,-4.0,3.5309802755430155,1.3345282955012667
2024_02_IND_GB,2024,2,6.0,5.564172752173332,6.444381977264462
2024_02_CLE_JAX,2024,2,-5.0,0.7527240328313696,-1.3016377440744225
2024_02_SF_MIN,2024,2,6.0,-4.658129364303611,-4.2187275255099745
2024_02_SEA_NE,2024,2,-3.0,1.3004029002519204,0.8342864916881451
2024_02_NYJ_TEN,2024,2,-7.0,1.2777498494757578,0.5842132595856789
2024_02_NYG_WAS,2024,2,3.0,-3.600657325635923,-6.03849282152835
2024_02_LA_ARI,2024,2,31.0,-5.6072989584714925,-5.679731856598126
2024_02_PIT_DEN,2024,2,-7.0,-1.8551957325157384,-2.4579503746337505
2024_02_CIN_KC,2024,2,1.0,5.463468021155512,4.775767353873803
2024_02_CHI_HOU,2024,2,6.0,3.1446542190991265,2.3136603578867114
2024_02_ATL_PHI,2024,2,-1.0,4.578879489826136,2.126547987622197
2024_03_NE_NYJ,2024,3,21.0,2.984458317086049,4.2977975994712985
2024_03_NYG_CLE,2024,3,-6.0,4.839843698361376,1.4841163568848204
2024_03_CHI_IND,2024,3,5.0,2.123242377967885,2.3582113948239045
2024_03_HOU_MIN,2024,3,27.0,4.52877379243511,0.37520004329309853
2024_03_PHI_NO,2024,3,-3.0,8.826149353043615,8.28148477500847
2024_03_LAC_PIT,2024,3,10.0,5.175401102011436,4.590143625926332
2024_03_DEN_TB,2024,3,-19.0,7.759970136673589,8.094667006360696
2024_03_GB_TEN,2024,3,-16.0,-3.9718748918469187,-5.508893030620562
2024_03_CAR_LV,2024,3,-14.0,10.740105904873474,8.829038464100618
2024_03_MIA_SEA,2024,3,21.0,-0.9228013632448006,1.0796018383796249
2024_03_DET_ARI,2024,3,-7.0,0.4143101510938151,0.6826183528169891
2024_03_BAL_DAL,2024,3,-3.0,-0.7006186062275562,-1.7457925143210067
2024_03_SF_LA,2024,3,3.0,-5.348804229921531,-2.417862943890647
2024_03_KC_ATL,2024,3,-5.0,-3.81148234027091,-3.5521849472987688
2024_03_JAX_BUF,2024,3,37.0,11.647153546268811,10.69431527371606
2024_03_WAS_CIN,2024,3,-5.0,8.370794818061606,6.174228884569606
2024_04_DAL_NYG,2024,4,-5.0,-4.9178755651342065,-1.2591960507697522
2024_04_NO_ATL,2024,4,2.0,-4.478831474882655,-5.481043545907468
2024_04_CIN_CAR,2024,4,-10.0,-4.539379563310584,-3.0339802319529063
2024_04_LA_CHI,2024,4,6.0,0.46173558152028155,0.7909494781209009
2024_04_MIN_GB,2024,4,-2.0,-0.1692489443082419,3.859161024366889
2024_04_JAX_HOU,2024,4,4.0,3.6746303531682125,6.369195845240808
2024_04_PIT_IND,2024,4,3.0,1.8148719118500412,1.873044949952827
2024_04_DEN_NYJ,2024,4,-1.0,2.76384867798795,4.999441559110011
2024_04_PHI_TB,2024,4,17.0,-1.3379517761896436,0.1184644072891115
2024_04_WAS_ARI,2024,4,-28.0,6.7153586027926835,5.193719318193384
2024_04_NE_SF,2024,4,17.0,10.818426406968115,8.722628856592497
2024_04_KC_LAC,2024,4,-7.0,-1.1370960973512316,-0.9751428553750494
2024_04_CLE_LV,2024,4,4.0,1.9511485742598231,2.7250614445678885
2024_04_BUF_BAL,2024,4,25.0,-3.9386300401095715,-4.629000715412536
2024_04_TEN_MIA,2024,4,-19.0,2.288533712807596,0.38977566643762984
2024_04_SEA_DET,2024,4,13.0,3.205364529857602,1.4002226708732628
2024_05_TB_ATL,2024,5,6.0,-0.9393302082912429,-1.0042252308764201
2024_05_NYJ_MIN,2024,5,6.0,6.56720652576125,6.617357664050353
2024_05_CAR_CHI,2024,5,26.0,6.318763016348459,3.6890454462592217
2024_05_BAL_CIN,2024,5,-3.0,-4.885152406569091,-2.391201223608795
2024_05_BUF_HOU,2024,5,3.0,-4.00964087125349,-1.1748216719867297
2024_05_IND_JAX,2024,5,3.0,-1.2126514827037291,-3.98869246862194
2024_05_MIA_NE,2024,5,-5.0,0.01737694250568067,1.7507269861685666
2024_05_CLE_WAS,2024,5,21.0,4.83949412340026,6.695418215706159
2024_05_LV_DEN,2024,5,16.0,1.9666127776982048,1.031131649612583
2024_05_ARI_SF,2024,5,-1.0,7.892916075539921,4.672006680220127
2024_05_GB_LA,2024,5,-5.0,-5.438282908423515,-5.06630883525221
2024_05_NYG_SEA,2024,5,-9.0,6.00695077478553,6.931418205205367
2024_05_DAL_PIT,2024,5,-3.0,-0.2884227780428156,3.8813180378817402
2024_05_NO_KC,2024,5,13.0,-0.33068882648169773,1.6369112262775438
2024_06_SF_SEA,2024,6,-12.0,-4.092186095057639,0.4455731228867784
2024_06_JAX_CHI,2024,6,19.0,2.6229251317842923,5.593779531812417
2024_06_WAS_BAL,2024,6,7.0,10.732400929621424,2.486283912770318
2024_06_ARI_GB,2024,6,21.0,3.546778890117264,4.7632169355418625
2024_06_HOU_NE,2024,6,-20.0,-4.478862658470419,-5.002323431023547
2024_06_TB_NO,2024,6,-24.0,3.517967857049427,1.7159196429730978
2024_06_CLE_PHI,2024,6,4.0,5.750527081176376,6.647601864695494
2024_06_IND_TEN,2024,6,-3.0,-0.7492368896638132,-1.0131861374866848
2024_06_LAC_DEN,2024,6,-7.0,6.916666596278992,8.126020178403259
2024_06_PIT_LV,2024,6,-19.0,-1.4036122576536703,-0.9715555019754891
2024_06_ATL_CAR,2024,6,-18.0,-5.945006508749797,-4.597326928779189
2024_06_DET_DAL,2024,6,-38.0,0.2018760878710878,-2.3342846289294004
2024_06_CIN_NYG,2024,6,-10.0,-0.620821306962393,1.9658512618161266
2024_06_BUF_NYJ,2024,6,-3.0,0.2436145126699843,1.7746701157981541
2024_07_DEN_NO,2024,7,-23.0,0.9831594408137234,-1.41588609403258
2024_07_NE_JAX,2024,7,16.0,1.6846857673192268,3.6874117168432843
2024_07_SEA_ATL,2024,7,-20.0,0.8406845075408158,0.8863818672108416
2024_07_TEN_BUF,2024,7,24.0,10.341221968490089,7.164233884581757
2024_07_CIN_CLE,2024,7,-7.0,-5.240033793723363,-5.1200184609557216
2024_07_HOU_GB,2024,7,2.0,2.1293788947949954,2.2904979417223865
2024_07_MIA_IND,2024,7,6.0,2.5746218907429315,6.3630692229583605
2024_07_DET_MIN,2024,7,-2.0,-1.3848156730318604,1.3838093505626783
2024_07_PHI_NYG,2024,7,-25.0,-1.5565236610200917,0.9347533969201658
2024_07_LV_LA,2024,7,5.0,2.2548411794218928,1.2669375606255362
2024_07_CAR_WAS,2024,7,33.0,10.335836951083074,8.453559473070563
2024_07_KC_SF,2024,7,-10.0,1.156328733019371,-0.3680631252444547
2024_07_NYJ_PIT,2024,7,22.0,5.419006859934925,5.490855692751953
2024_07_BAL_TB,2024,7,-10.0,-2.4365787307129256,0.7914894711785239
2024_07_LAC_ARI,2024,7,2.0,0.5654183314855611,1.9648596964062044
2024_08_MIN_LA,2024,8,10.0,-2.2850553872479584,-0.12217276461869862
2024_08_PHI_CIN,2024,8,-20.0,1.422338106835714,2.2731304235784373
2024_08_BAL_CLE,2024,8,5.0,-8.761936080977536,-8.173810832768364
2024_08_TEN_DET,2024,8,38.0,12.920283138693232,11.294683601294484
2024_08_IND_HOU,2024,8,3.0,2.7535952509659536,4.148206677026275
2024_08_GB_JAX,2024,8,-3.0,-6.117428489885203,-4.96506261147288
2024_08_ARI_MIA,2024,8,-1.0,-1.7460963562880878,-3.2209727582752885
2024_08_NYJ_NE,2024,8,3.0,-4.937911289570019,-2.921388091145417
2024_08_ATL_TB,2024,8,-5.0,3.7165400596275817,2.4517966487742493
2024_08_NO_LAC,2024,8,18.0,2.430721224154508,2.3390503439339954
2024_08_BUF_SEA,2024,8,-21.0,-1.0887217053287004,1.3038844260624531
2024_08_CAR_DEN,2024,8,14.0,13.679506622351035,9.904744743979721
2024_08_KC_LV,2024,8,-7.0,-6.100530450614267,-5.989441107566398
2024_08_CHI_WAS,2024,8,3.0,1.9678506992320228,2.0907533546495136
2024_08_DAL_SF,2024,8,6.0,-0.1553191329007779,-0.48622195134583357
2024_08_NYG_PIT,2024,8,8.0,10.560037739694703,8.779949739089774
2024_09_HOU_NYJ,2024,9,8.0,-1.991997535371225,-2.803563747086197
2024_09_DAL_ATL,2024,9,6.0,-1.1279764736384754,4.2079148707445775
2024_09_DEN_BAL,2024,9,31.0,2.4764197688718816,-0.9925879594421035
2024_09_MIA_BUF,2024,9,3.0,12.25456523689352,9.970217595829313
2024_09_NO_CAR,2024,9,1.0,-5.369298628865024,-0.17389058760641207
2024_09_LV_CIN,2024,9,17.0,3.378577819675076,4.079746366188234
2024_09_LAC_CLE,2024,9,-17.0,1.045347631258212,1.4263526470261636
2024_09_WAS_NYG,2024,9,-5.0,-3.6815625220100805,-5.026901224961835
2024_09_NE_TEN,2024,9,3.0,0.6402698172234991,-0.18391194868589866
2024_09_CHI_ARI,2024,9,20.0,-1.0824219907431114,0.6487965213838112
2024_09_JAX_PHI,2024,9,5.0,5.507427677914171,3.465744107037689
2024_09_DET_GB,2024,9,-10.0,0.47903076299090935,3.315743413711377
2024_09_LA_SEA,2024,9,-6.0,1.2506132063714581,-0.27410829576744034
2024_09_IND_MIN,2024,9,8.0,4.4910481852312,3.0800488586456773
2024_09_TB_KC,2024,9,6.0,2.5598293668391388,2.580393552856071
2024_10_CIN_BAL,2024,10,1.0,11.877893101354594,8.019582620083362
2024_10_NYG_CAR,2024,10,3.0,-2.7064006029381464,1.4291027373342429
2024_10_NE_CHI,2024,10,-16.0,7.036709282818712,6.877922337481385
2024_10_BUF_IND,2024,10,-10.0,-4.693970707374259,-3.997955745970573
2024_10_MIN_JAX,2024,10,-5.0,-3.383517203225347,-1.4343168860337923
2024_10_DEN_KC,2024,10,2.0,6.372127110908494,4.956911762570256
2024_10_ATL_NO,2024,10,3.0,-4.812748868677763,-9.346066645739995
2024_10_SF_TB,2024,10,-3.0,-4.169820484938905,-0.3532535735611576
2024_10_PIT_WAS,2024,10,-1.0,0.7220309059832497,2.637828811311837
2024_10_TEN_LAC,2024,10,10.0,8.584313720859294,5.955326550452287
2024_10_NYJ_ARI,2024,10,25.0,2.5132547423203726,3.3231682731149936
2024_10_PHI_DAL,2024,10,-28.0,-3.6483740775060207,-5.153290919995409
2024_10_DET_HOU,2024,10,-3.0,-2.134248132328904,0.09221384372801927
2024_10_MIA_LA,2024,10,-8.0,2.3539141449362493,2.4605041889236947
2024_11_WAS_PHI,2024,11,8.0,6.124502702181989,5.612861704330294
2024_11_GB_CHI,2024,11,-1.0,-5.507903261928878,-5.798279650386912
2024_11_JAX_DET,2024,11,46.0,12.151869104519175,8.671762181383
2024_11_LV_MIA,2024,11,15.0,4.305615174296067,3.6906804608933435
2024_11_LA_NE,2024,11,-6.0,-0.8919265055063124,0.2780514528858448
2024_11_CLE_NO,2024,11,21.0,1.0052247292712342,-1.5598816962259592
2024_11_IND_NYJ,2024,11,-1.0,0.5135605339726915,-0.6811389417645042
2024_11_BAL_PIT,2024,11,2.0,-2.63880719421768,0.27610319516633053
2024_11_MIN_TEN,2024,11,-10.0,-7.4541536402462345,-6.82202455177158
2024_11_ATL_DEN,2024,11,32.0,1.7111370003204682,0.7613925713073103
2024_11_SEA_SF,2024,11,-3.0,5.616592357665604,4.375199290572358
2024_11_KC_BUF,2024,11,9.0,3.5854387874099825,3.2467834990341258
2024_11_CIN_LAC,2024,11,7.0,3.208407554967092,4.162357271454499
2024_11_HOU_DAL,2024,11,-24.0,-3.0949686113615953,-2.9048041786077006
2024_12_PIT_CLE,2024,12,5.0,-4.786291370975716,-4.046300798386824
2024_12_KC_CAR,2024,12,-3.0,-5.43905015256864,-3.180097868736454
2024_12_MIN_CHI,2024,12,-3.0,-4.179817823001112,-5.136090943527338
2024_12_TEN_HOU,2024,12,-5.0,8.98515733856452,6.796121719145523
2024_12_DET_IND,2024,12,-18.0,-6.004525738702917,-5.029030583799227
2024_12_NE_MIA,2024,12,19.0,5.773204809618594,4.690897417857549
2024_12_TB_NYG,2024,12,-23.0,-5.241162851505194,-2.661152963230181
2024_12_DAL_WAS,2024,12,-8.0,6.729555489963674,7.15549678528234
2024_12_DEN_LV,2024,12,-10.0,-5.690556989980028,-6.100879197082444
2024_12_SF_GB,2024,12,28.0,0.45728536926952257,2.798164131442146
2024_12_ARI_SEA,2024,12,10.0,-1.9211118793308168,-4.614242426355773
2024_12_PHI_LA,2024,12,-17.0,-2.2940458183756816,-1.128428396736795
2024_12_BAL_LAC,2024,12,-7.0,-2.5131482556854454,-0.6907584264909048
2024_13_CHI_DET,2024,13,3.0,17.138826779385717,16.514173869433215
2024_13_NYG_DAL,2024,13,7.0,1.8349735160063905,0.23761285152286005
2024_13_MIA_GB,2024,13,13.0,5.35991549957969,4.105868360040002
2024_13_LV_KC,2024,13,2.0,12.778221015581494,11.423205566443158
2024_13_LAC_ATL,2024,13,-4.0,-0.783279715396358,0.8202567537763634
2024_13_PIT_CIN,2024,13,-6.0,-3.3231924697178727,-0.5786810691577295
2024_13_HOU_JAX,2024,13,-3.0,-4.108208813587376,-2.657875506332225
2024_13_ARI_MIN,2024,13,1.0,4.846105675700215,3.9715353278198062
2024_13_IND_NE,2024,13,-1.0,0.09044875804159346,2.9972021984578747
2024_13_SEA_NYJ,2024,13,-5.0,0.15984139152073806,1.586105419848279
2024_13_TEN_WAS,2024,13,23.0,6.099596310201706,3.85930969547107
2024_13_TB_CAR,2024,13,-3.0,-5.530399602641317,-1.0338373275574455
2024_13_LA_NO,2024,13,-7.0,2.7721984667241997,1.7850996938267163
2024_13_PHI_BAL,2024,13,-5.0,4.912219069376961,2.478966706011989
2024_13_SF_BUF,2024,13,25.0,8.2219653939087,8.009275795105019
2024_13_CLE_DEN,2024,13,9.0,6.655322678155661,4.026932042995943
2024_14_GB_DET,2024,14,3.0,6.075383957055465,5.421768158252233
2024_14_NYJ_MIA,2024,14,6.0,7.822546842062341,9.239599337964103
2024_14_ATL_MIN,2024,14,21.0,6.861818098608553,5.248057287422215
2024_14_NO_NYG,2024,14,-3.0,-3.630817628966269,-3.006173597034291
2024_14_CAR_PHI,2024,14,6.0,14.421844174798,11.762449155246863
2024_14_CLE_PIT,2024,14,13.0,6.5757589902050535,3.9426639239465615
2024_14_LV_TB,2024,14,15.0,9.731742454992073,7.723852624235594
2024_14_JAX_TEN,2024,14,-4.0,2.5664764375024274,2.6186152931180287
2024_14_SEA_ARI,2024,14,-12.0,4.971392640472224,6.3865096365867835
2024_14_BUF_LA,2024,14,2.0,-6.01337815236692,-3.496006062693497
2024_14_CHI_SF,2024,14,25.0,4.488323672312708,4.139008029087979
2024_14_LAC_KC,2024,14,2.0,3.3083446199964457,3.2283314440625395
2024_14_CIN_DAL,2024,14,-7.0,-4.424913393941714,-1.855371681599684
2024_15_LA_SF,2024,15,-6.0,4.39484559683355,1.7289945506881164
2024_15_DAL_CAR,2024,15,-16.0,-1.804134464426488,2.455599124068229
2024_15_KC_CLE,2024,15,-14.0,-3.1645563880191823,-3.3659807497186867
2024_15_MIA_HOU,2024,15,8.0,3.0743030545268013,2.15225502216481
2024_15_NYJ_JAX,2024,15,-7.0,2.7170276583603052,3.030093727147403
2024_15_WAS_NO,2024,15,-1.0,-1.7839026610785782,1.602882576815471
2024_15_BAL_NYG,2024,15,-21.0,-7.709002592834221,-6.040679675154146
2024_15_CIN_TEN,2024,15,-10.0,-6.012567491025318,-3.1237228276058726
2024_15_NE_ARI,2024,15,13.0,6.363931733163152,3.9971945298972185
2024_15_IND_DEN,2024,15,18.0,8.416229213999678,8.164286464413566
2024_15_BUF_DET,2024,15,-6.0,7.263661169459893,4.3456791675945
2024_15_TB_LAC,2024,15,-23.0,0.4221020708297603,-1.9086812167772136
2024_15_PIT_PHI,2024,15,14.0,4.977702245034717,4.958263994564987
2024_15_GB_SEA,2024,15,-17.0,-1.4887955274156361,0.847871967169014
2024_15_CHI_MIN,2024,15,18.0,9.835312021090811,10.989905197020477
2024_15_ATL_LV,2024,15,-6.0,-0.9757948910762722,-2.041686872352612
2024_16_DEN_LAC,2024,16,7.0,-2.763125836749777,-4.394577551669561
2024_16_HOU_KC,2024,16,8.0,4.278587620177541,4.493801676396882
2024_16_PIT_BAL,2024,16,17.0,5.318528634095745,4.609411042537399
2024_16_NYG_ATL,2024,16,27.0,6.824669032085095,7.515027821552046
2024_16_ARI_CAR,2024,16,6.0,-4.907741788542428,-2.7850602757204284
2024_16_DET_CHI,2024,16,-17.0,-9.830464658708973,-9.879379589337313
2024_16_CLE_CIN,2024,16,18.0,5.780936311628004,5.093878728251102
2024_16_TEN_IND,2024,16,8.0,4.179236098254029,2.614876479841613
2024_16_LA_NYJ,2024,16,-10.0,-1.5774557000628904,-1.2177075792626888
2024_16_PHI_WAS,2024,16,3.0,-1.3493854906504086,-0.6038862102723708
2024_16_MIN_SEA,2024,16,-3.0,-2.499444562077155,-1.1546442549230984
2024_16_NE_BUF,2024,16,3.0,16.576348808927357,11.532518086967233
2024_16_JAX_LV,2024,16,5.0,0.8295877811915151,0.42498072348672755
2024_16_SF_MIA,2024,16,12.0,3.061665480298381,5.4063313876107575
2024_16_TB_DAL,2024,16,2.0,-4.143287941430392,-3.0815875370752144
2024_16_NO_GB,2024,16,34.0,9.861004720387568,7.735547182005453
2024_17_KC_PIT,2024,17,-19.0,3.909262784248985,1.9280972359130795
2024_17_BAL_HOU,2024,17,-29.0,-3.784710454509524,-2.0403021063244906
2024_17_SEA_CHI,2024,17,-3.0,-2.591530776158,-3.67321707487151
2024_17_LAC_NE,2024,17,-33.0,0.46735347797081706,1.5401140224361387
2024_17_DEN_CIN,2024,17,6.0,3.5204674202517614,3.874206327787973
2024_17_ARI_LA,2024,17,4.0,2.897814025517758,3.1461089532698825
2024_17_NYJ_BUF,2024,17,26.0,12.686308346835943,10.845395207053283
2024_17_TEN_JAX,2024,17,7.0,3.752339077115378,2.528601896192292
2024_17_LV_NO,2024,17,-15.0,4.030335694536794,2.6201588264300093
2024_17_IND_NYG,2024,17,12.0,-3.6561141870363754,-3.4943670377847056
2024_17_DAL_PHI,2024,17,34.0,10.345372918905747,5.7517217339018645
2024_17_CAR_TB,2024,17,34.0,12.273276872351033,8.903744405472448
2024_17_MIA_CLE,2024,17,-17.0,-4.263647033317364,-4.569323211063507
2024_17_GB_MIN,2024,17,2.0,-0.23750620534962774,3.8945617077932084
2024_17_ATL_WAS,2024,17,6.0,5.890760646970077,4.403925353612759
2024_17_DET_SF,2024,17,-6.0,-4.447237073693556,-2.826915788150844
2024_18_CLE_BAL,2024,18,25.0,15.701313048164934,15.703046768669656
2024_18_CIN_PIT,2024,18,-2.0,-2.2688230235897446,-5.47846408622783
2024_18_CAR_ATL,2024,18,-6.0,8.835380062423466,6.81337513099046
2024_18_WAS_DAL,2024,18,-4.0,-4.773710174494064,-3.3211168858560667
2024_18_CHI_GB,2024,18,-2.0,13.665174604854247,13.464578522442691
2024_18_JAX_IND,2024,18,3.0,4.040873381557125,3.697176075125115
2024_18_BUF_NE,2024,18,7.0,-8.244138724186321,-7.979937092707561
2024_18_NYG_PHI,2024,18,7.0,16.997274537889698,15.680964399573845
2024_18_NO_TB,2024,18,8.0,14.997196526141103,15.810175298496308
2024_18_HOU_TEN,2024,18,-9.0,0.03182373910713013,3.09281391357075
2024_18_SF_ARI,2024,18,23.0,1.7219805997743902,2.9118345649800053
2024_18_KC_DEN,2024,18,38.0,1.1870967762890563,0.7807326575848635
2024_18_SEA_LA,2024,18,-5.0,4.673501563462517,4.685080463788204
2024_18_LAC_LV,2024,18,-14.0,-2.0985034004997125,-0.17041122203321585
2024_18_MIA_NYJ,2024,18,12.0,-1.438451722219377,-2.672100364115649
2024_18_MIN_DET,2024,18,22.0,4.479245209763266,-0.6178166143228294
2025_01_DAL_PHI,2025,1,4.0,8.432656884052296,6.894593538494071
2025_01_KC_LAC,2025,1,6.0,4.186271174742856,5.432194394860124
2025_01_TB_ATL,2025,1,-3.0,-4.376788533158615,-5.380696756557004
2025_01_CIN_CLE,2025,1,-1.0,-7.5283260992778445,-9.54303022511445
2025_01_MIA_IND,2025,1,25.0,-0.9795128698430354,-1.3477860999476994
2025_01_CAR_JAX,2025,1,16.0,1.3946054827158396,1.1841687422518103
2025_01_LV_NE,2025,1,-7.0,1.725361037130732,-0.4588175202403584
2025_01_ARI_NO,2025,1,-7.0,-4.03422906770845,-5.111403649029244
2025_01_PIT_NYJ,2025,1,-2.0,2.375794212484398,4.06160958610813
2025_01_NYG_WAS,2025,1,15.0,6.019809900731341,7.511067904750872
2025_01_TEN_DEN,2025,1,8.0,10.467125937720896,8.360278315054515
2025_01_SF_SEA,2025,1,-4.0,0.7869550581929778,2.814377279334427
2025_01_DET_GB,2025,1,14.0,-0.4414114926322509,-1.2103788819567272
2025_01_HOU_LA,2025,1,5.0,2.933244896693464,4.844160651587073
2025_01_BAL_BUF,2025,1,1.0,3.001509043900427,0.009815707195270806
2025_01_MIN_CHI,2025,1,-3.0,-2.8253778089175983,-4.6993808857521415
2025_02_WAS_GB,2025,2,9.0,1.2491052823883744,-1.6627669966990175
2025_02_CLE_BAL,2025,2,24.0,10.415879545144705,12.598035352876192
2025_02_JAX_CIN,2025,2,4.0,3.7160553917867265,4.247335925771706
2025_02_NYG_DAL,2025,2,3.0,5.922397968666042,4.852045542721841
2025_02_CHI_DET,2025,2,31.0,8.706692189637781,10.401110542847558
2025_02_NE_MIA,2025,2,-6.0,3.469327355066281,5.416761497694713
2025_02_SF_NO,2025,2,-5.0,-4.078842784211128,-4.734787056306899
2025_02_BUF_NYJ,2025,2,-20.0,-4.440334616921748,-3.6476207880137608
2025_02_SEA_PIT,2025,2,-14.0,2.134844550922059,-2.208980962807857
2025_02_LA_TEN,2025,2,-14.0,-2.8302193913713687,-3.526548961123452
2025_02_CAR_ARI,2025,2,5.0,10.056442637938279,6.883806768160779
2025_02_DEN_IND,2025,2,1.0,0.9347966800530667,-0.6174530570693306
2025_02_PHI_KC,2025,2,-3.0,-0.901758450471575,-1.342338260839061
2025_02_ATL_MIN,2025,2,-16.0,3.7009624014238707,2.586504483026541
2025_02_TB_HOU,2025,2,-1.0,-3.888170082462299,-5.662351282052296
2025_02_LAC_LV,2025,2,-11.0,-2.252535888557038,-2.087434757315017
2025_03_MIA_BUF,2025,3,10.0,10.94555573134393,9.521892365751434
2025_03_ATL_CAR,2025,3,30.0,-5.348448885688721,-4.16626088229739
2025_03_GB_CLE,2025,3,3.0,-7.203465352047257,-7.535675794008493
2025_03_HOU_JAX,2025,3,7.0,4.090949740233389,8.411911086050964
2025_03_CIN_MIN,2025,3,38.0,-2.435338036591649,-3.32420088515439
2025_03_PIT_NE,2025,3,-7.0,0.11581973247084276,-0.40027716539326275
2025_03_LA_PHI,2025,3,7.0,2.722086986697885,1.5425334586045238
2025_03_NYJ_TB,2025,3,2.0,11.332008766706513,12.133324736944415
2025_03_IND_TEN,2025,3,-21.0,-7.096209260869287,-7.901484780758592
2025_03_LV_WAS,2025,3,17.0,6.015860766626176,6.214987598076286
2025_03_DEN_LAC,2025,3,3.0,3.311078783875762,4.716095316962914
2025_03_NO_SEA,2025,3,31.0,5.714818020384135,6.645211517639408
2025_03_DAL_CHI,2025,3,17.0,-4.447811433124988,-4.937088370378092
2025_03_ARI_SF,2025,3,1.0,2.2729014445286317,0.5446483123356096
2025_03_KC_NYG,2025,3,-13.0,-1.467924179115124,0.560549373080103
2025_03_DET_BAL,2025,3,-8.0,3.2004371042169293,3.671615478955138
2025_04_SEA_ARI,2025,4,-3.0,-0.6257331892895168,0.6123146464947217
2025_04_MIN_PIT,2025,4,3.0,0.1281768825840409,1.300861884853227
2025_04_WAS_ATL,2025,4,7.0,-2.0709845999282908,-1.5393266263645589
2025_04_NO_BUF,2025,4,12.0,13.846536600788987,11.886742243557276
2025_04_CLE_DET,2025,4,24.0,12.878650049507304,12.205436827115339
2025_04_TEN_HOU,2025,4,26.0,8.621254365921843,7.259279941831954
2025_04_CAR_NE,2025,4,29.0,1.0933431500544524,0.663841503814534
2025_04_LAC_NYG,2025,4,3.0,-6.733859564013288,-7.478084193224145
2025_04_PHI_TB,2025,4,-6.0,3.816618014635403,4.369846437866583
2025_04_IND_LA,2025,4,7.0,0.5672094729128586,-0.3683922783724226
2025_04_JAX_SF,2025,4,-5.0,2.3029552531783466,1.1308271283352773
2025_04_BAL_KC,2025,4,17.0,-3.9133475960002992,-3.6715546310267024
2025_04_CHI_LV,2025,4,-1.0,0.6529237858202611,0.6109322402138004
2025_04_GB_DAL,2025,4,0.0,-1.7950582817527017,0.9108226811132104
2025_04_NYJ_MIA,2025,4,6.0,2.3385702540081783,2.3662882753506924
2025_04_CIN_DEN,2025,4,25.0,7.4296116170479625,5.516661074192648
2025_05_SF_LA,2025,5,-3.0,2.718979952379741,4.87686713715123
2025_05_MIN_CLE,2025,5,-4.0,-4.019928163509971,-3.045615144277857
2025_05_HOU_BAL,2025,5,-34.0,5.967759877933364,5.556663030359704
2025_05_MIA_CAR,2025,5,3.0,0.7926916091911839,2.1472508368159087
2025_05_LV_IND,2025,5,34.0,8.886489572427335,7.904759915780685
2025_05_NYG_NO,2025,5,12.0,1.0155821295798149,-0.6181069545792686
2025_05_DAL_NYJ,2025,5,-15.0,-2.608973298066556,-4.300701593955139
2025_05_DEN_PHI,2025,5,-4.0,1.835574338238671,2.150933384812132
2025_05_TEN_ARI,2025,5,-1.0,11.606607464600103,10.853624781603722
2025_05_TB_SEA,2025,5,-3.0,2.6407162729601072,1.61570072043567
2025_05_DET_CIN,2025,5,-13.0,-8.30390461523349,-4.268261759978002
2025_05_WAS_LAC,2025,5,-17.0,1.6024899311414207,1.4713505048959503
2025_05_NE_BUF,2025,5,-3.0,9.27864413498449,7.323605145523272
2025_05_KC_JAX,2025,5,3.0,0.356275835032285,2.7422085263688514
2025_06_PHI_NYG,2025,6,17.0,-2.7949972583048397,-0.6657037370185175
2025_06_DEN_NYJ,2025,6,-2.0,-6.260651040021823,-5.038109162730887
2025_06_LA_BAL,2025,6,-14.0,-3.5655471413788495,-6.328652784534369
2025_06_DAL_CAR,2025,6,3.0,-3.9024052481789697,-1.2832969427430303
2025_06_ARI_IND,2025,6,4.0,7.322191312843359,8.531248037471794
2025_06_SEA_JAX,2025,6,-8.0,-2.4358262939216857,-1.3845873576524814
2025_06_LAC_MIA,2025,6,-2.0,-1.2412606702818252,0.15110557054510843
2025_06_NE_NO,2025,6,-6.0,-4.188484715603065,-4.73169255682257
2025_06_CLE_PIT,2025,6,14.0,7.591654733572694,7.889506909625438
2025_06_TEN_LV,2025,6,10.0,2.2678728258401795,2.707960027699929
2025_06_CIN_GB,2025,6,9.0,9.791048908468037,7.136251607223535
2025_06_SF_TB,2025,6,11.0,2.3348371237732772,2.81281356600583
2025_06_DET_KC,2025,6,13.0,-1.8466709913105521,-1.098814667356883
2025_06_BUF_ATL,2025,6,10.0,-3.4301650630425797,-1.5475652941272322
2025_06_CHI_WAS,2025,6,-1.0,7.835879872752652,5.851480732991728
2025_07_PIT_CIN,2025,7,2.0,-4.51511885505277,-2.800239397458407
2025_07_LA_JAX,2025,7,-28.0,-2.657423617458613,-0.6608296862307703
2025_07_NO_CHI,2025,7,12.0,6.547820889220452,6.671591828870977
2025_07_MIA_CLE,2025,7,25.0,-1.209846367443008,-2.8002535163107805
2025_07_LV_KC,2025,7,31.0,10.88214706537417,8.29123185595561
2025_07_PHI_MIN,2025,7,-6.0,2.947518163500708,3.963167838512173
2025_07_CAR_NYJ,2025,7,-7.0,-0.34187046879731503,-3.183345436078913
2025_07_NE_TEN,2025,7,-18.0,-5.866395217738308,-6.420363200596023
2025_07_NYG_DEN,2025,7,1.0,9.198644589234217,6.474832241575426
2025_07_IND_LAC,2025,7,-14.0,-2.5549801764178515,-1.6959865678375514
2025_07_GB_ARI,2025,7,-4.0,-3.3463323915051926,-1.9501898537775033
2025_07_WAS_DAL,2025,7,22.0,-3.9417659038882573,-2.2740787694672573
2025_07_ATL_SF,2025,7,10.0,0.45640258191573096,-0.5813422580951048
2025_07_TB_DET,2025,7,15.0,4.007155855335,1.0819719079561083
2025_07_HOU_SEA,2025,7,8.0,3.964329517197986,6.369457439139122
2025_08_MIN_LAC,2025,8,27.0,-0.8797015315423528,-1.4663632452510553
2025_08_MIA_ATL,2025,8,-24.0,6.645335168731251,5.260994808627932
2025_08_CHI_BAL,2025,8,14.0,-1.2548702643723972,-5.287929158454718
2025_08_BUF_CAR,2025,8,-31.0,-5.3033237576138355,-1.8752526942020156
2025_08_NYJ_CIN,2025,8,-1.0,2.839271128795403,4.132581530377806
2025_08_SF_HOU,2025,8,11.0,3.4112883197966317,1.6467051432774138
2025_08_CLE_NE,2025,8,19.0,9.89852956776115,12.817771613605867
2025_08_NYG_PHI,2025,8,18.0,6.1050595431432235,4.73635595645371
2025_08_TB_NO,2025,8,-20.0,-5.014334037077697,-3.4819721048546657
2025_08_DAL_DEN,2025,8,20.0,7.093599010597824,6.02678842097669
2025_08_TEN_IND,2025,8,24.0,15.173425327609392,14.501845182136087
2025_08_GB_PIT,2025,8,-10.0,-1.0073222385022262,3.2566650411600175
2025_08_WAS_KC,2025,8,21.0,8.582475712171103,7.214491386117787
2025_09_BAL_MIA,2025,9,-22.0,-1.9842836308765959,3.0625972998313937
2025_09_CHI_CIN,2025,9,-5.0,-2.693571728266557,-1.4689325472065462
2025_09_MIN_DET,2025,9,-3.0,8.46763110764406,7.362354755886841
2025_09_CAR_GB,2025,9,-3.0,11.60999087856015,8.435241849211428
2025_09_DEN_HOU,2025,9,-3.0,1.955639620307743,2.441163689268139
2025_09_ATL_NE,2025,9,1.0,9.407253525273687,8.141368488916605
2025_09_SF_NYG,2025,9,-10.0,-2.7980043546906,-2.539423063110087
2025_09_IND_PIT,2025,9,7.0,-1.1674789339949703,-1.1434757993564917
2025_09_LAC_TEN,2025,9,-7.0,-8.424564289217614,-7.116573999782474
2025_09_NO_LA,2025,9,24.0,12.64027273032971,11.123253980397259
2025_09_JAX_LV,2025,9,-1.0,-2.4587290786039304,-1.4063638414051562
2025_09_KC_BUF,2025,9,7.0,1.075265435571002,0.2226617301548648
2025_09_SEA_WAS,2025,9,-24.0,-5.3000979827867,-4.009361373547539
2025_09_ARI_DAL,2025,9,-10.0,2.169479220115653,5.315707655043271
2025_10_LV_DEN,2025,10,3.0,14.387105610348428,12.183598724596921
2025_10_ATL_IND,2025,10,6.0,11.321646176151697,11.082072408926043
2025_10_NO_CAR,2025,10,-10.0,4.634532360127834,6.643092960281745
2025_10_NYG_CHI,2025,10,4.0,5.513323417488324,6.793968491594425
2025_10_JAX_HOU,2025,10,7.0,7.5349014233059,2.957300399488693
2025_10_BUF_MIA,2025,10,17.0,-7.026331477933695,-3.908094660324151
2025_10_BAL_MIN,2025,10,-8.0,0.08787746610138897,1.4285557178767192
2025_10_CLE_NYJ,2025,10,7.0,2.204808594316693,1.3413327778569695
2025_10_NE_TB,2025,10,-5.0,1.9052570633777683,0.7747496198987751
2025_10_ARI_SEA,2025,10,22.0,11.076590337575064,9.72322853074373
2025_10_LA_SF,2025,10,-16.0,-1.9061433534069319,-1.2206168051941089
2025_10_DET_WAS,2025,10,-22.0,-6.926578699849225,-5.421268110868388
2025_10_PIT_LAC,2025,10,15.0,1.670600710532916,1.4826633315492412
2025_10_PHI_GB,2025,10,-3.0,0.3207631586462721,0.773555315041176
2025_11_NYJ_NE,2025,11,13.0,11.592672780197429,13.184145662771606
2025_11_WAS_MIA,2025,11,3.0,1.7651817437188715,6.170324307348581
2025_11_CAR_ATL,2025,11,-3.0,2.3289290117865726,-0.1938039038012827
2025_11_TB_BUF,2025,11,12.0,3.266465317532985,4.027157985548483
2025_11_LAC_JAX,2025,11,29.0,-5.550113454410309,-5.003492210652126
2025_11_CHI_MIN,2025,11,-2.0,-1.4270902030729191,-6.206043235510644
2025_11_GB_NYG,2025,11,-7.0,-4.591469957678791,-3.0728146760289863
2025_11_CIN_PIT,2025,11,22.0,4.068709750084537,-0.28608191406846223
2025_11_HOU_TEN,2025,11,-3.0,-7.207478349446903,-3.6426011765512794
2025_11_SF_ARI,2025,11,-19.0,-1.462027696691218,-3.1032503871316806
2025_11_SEA_LA,2025,11,2.0,1.456053185355836,2.5403625652109927
2025_11_BAL_CLE,2025,11,-7.0,-2.599932550015219,-1.1522395694836067
2025_11_KC_DEN,2025,11,3.0,-0.21997887515688996,0.9002990298234135
2025_11_DET_PHI,2025,11,7.0,-2.7591966051157732,1.9410563568662769
2025_11_DAL_LV,2025,11,-17.0,-6.232201872979228,-4.64616229725983
2025_12_BUF_HOU,2025,12,4.0,-0.41112468997623675,-0.24372671496950618
2025_12_NYJ_BAL,2025,12,13.0,9.19380143727429,8.194891936358236
2025_12_PIT_CHI,2025,12,3.0,2.062113936568646,4.590073303363814
2025_12_NE_CIN,2025,12,-6.0,-6.210903085208846,-6.541551075306668
2025_12_NYG_DET,2025,12,7.0,9.31141689597235,4.671533656424472
2025_12_MIN_GB,2025,12,17.0,8.255217552560222,8.926028163691308
2025_12_IND_KC,2025,12,3.0,0.7474781607654634,-1.1441121581055453
2025_12_SEA_TEN,2025,12,-6.0,-10.161676573558003,-9.999336872555062
2025_12_JAX_ARI,2025,12,-3.0,-3.1431122578257185,-2.5829288725946444
2025_12_CLE_LV,2025,12,-14.0,-0.017188890652960143,0.8855539323137162
2025_12_PHI_DAL,2025,12,3.0,-2.10756469169054,-0.12877336707068188
2025_12_ATL_NO,2025,12,-14.0,0.23213774443666768,2.80174724967164
2025_12_TB_LA,2025,12,27.0,7.7561770712863565,8.309833093073609
2025_12_CAR_SF,2025,12,11.0,7.148373516431802,2.042556825030213
2025_13_GB_DET,2025,13,-7.0,2.0085742826936634,1.036593414679246
2025_13_KC_DAL,2025,13,3.0,-4.683877820046698,-1.01230797938736
2025_13_CIN_BAL,2025,13,-18.0,8.32595052479569,7.40794130376633
2025_13_CHI_PHI,2025,13,-9.0,4.851255548113482,0.4157100664572101
2025_13_LA_CAR,2025,13,3.0,-3.6340436312176836,-1.342134665238461
2025_13_SF_CLE,2025,13,-18.0,-5.927401850598445,-6.254447323152617
2025_13_HOU_IND,2025,13,-4.0,4.159612333662446,3.9360734482029054
2025_13_NO_MIA,2025,13,4.0,9.450139887868147,9.998916589152396
2025_13_ATL_NYJ,2025,13,3.0,0.6635864104842664,-0.42611540365940104
2025_13_ARI_TB,2025,13,3.0,2.7881190018179893,3.1869978693131014
2025_13_JAX_TEN,2025,13,-22.0,-4.716050013296319,-4.976079714540582
2025_13_MIN_SEA,2025,13,26.0,15.318887907823747,15.562045115770339
2025_13_LV_LAC,2025,13,17.0,11.293497231066414,9.86125210793124
2025_13_BUF_PIT,2025,13,-19.0,-4.669981591424606,-0.9075415882969526
2025_13_DEN_WAS,2025,13,-1.0,-4.535624520340048,-7.601750798378858
2025_13_NYG_NE,2025,13,18.0,7.501856250219614,7.7152136791720345
2025_14_DAL_DET,2025,14,14.0,2.8503276853936392,-2.155605812187607
2025_14_SEA_ATL,2025,14,-28.0,-4.022317808593087,-3.1281222783834703
2025_14_PIT_BAL,2025,14,-5.0,4.287462993109809,7.014247720210574
2025_14_TEN_CLE,2025,14,-2.0,4.3577151414769695,1.937640821974769
2025_14_IND_JAX,2025,14,17.0,-2.895965475665192,2.9621899009555595
2025_14_WAS_MIN,2025,14,31.0,-1.4474255610768458,-2.121440379101066
2025_14_MIA_NYJ,2025,14,-24.0,-0.11618965280203664,-1.1544923421168267
2025_14_NO_TB,2025,14,-4.0,8.649630395517313,4.516751891325255
2025_14_CIN_BUF,2025,14,5.0,10.484295386384861,4.606348147581744
2025_14_DEN_LV,2025,14,-7.0,-8.23815727807201,-8.290581192505623
2025_14_CHI_GB,2025,14,7.0,6.12927240058054,2.0272933203110006
2025_14_LA_ARI,2025,14,-28.0,-5.871574731974047,-6.050786870865841
2025_14_HOU_KC,2025,14,-10.0,3.2721221832508256,1.0025654280937955
2025_14_PHI_LAC,2025,14,3.0,2.0673430849570322,2.648698411308475
2025_15_ATL_TB,2025,15,-1.0,3.3850860754915955,3.182135361064298
2025_15_CLE_CHI,2025,15,28.0,11.322232687112464,10.116686053263123
2025_15_BAL_CIN,2025,15,-24.0,-4.578766705650631,-3.413856414490193
2025_15_ARI_HOU,2025,15,20.0,8.765597365878428,7.084161699052546
2025_15_NYJ_JAX,2025,15,28.0,11.905582223644387,10.9515254312252
2025_15_LAC_KC,2025,15,-3.0,7.129901850141233,2.8357667721144004
2025_15_BUF_NE,2025,15,-4.0,0.5003255299836281,3.413055806982176
2025_15_WAS_NYG,2025,15,-8.0,1.937998648763752,3.139197772630282
2025_15_LV_PHI,2025,15,31.0,14.055655222011836,11.973036621984846
2025_15_GB_DEN,2025,15,8.0,3.1347526861757364,2.3399303063153374
2025_15_DET_LA,2025,15,7.0,5.590074817332288,8.210980137966066
2025_15_CAR_NO,2025,15,3.0,-0.12114655762965032,-0.9685203540737268
2025_15_IND_SEA,2025,15,2.0,8.760816137661402,8.391261227645984
2025_15_TEN_SF,2025,15,13.0,14.132404910510722,11.41348940655238
2025_15_MIN_DAL,2025,15,-8.0,5.062704857481032,10.264003100494367
2025_15_MIA_PIT,2025,15,13.0,1.8552470132878625,-1.2387427777861981
2025_16_LA_SEA,2025,16,1.0,1.069167924638029,1.291384815399291
2025_16_PHI_WAS,2025,16,-11.0,-4.736576278940095,-5.075548070719469
2025_16_GB_CHI,2025,16,6.0,1.1647296083459393,2.2689922994216896
2025_16_TB_CAR,2025,16,3.0,0.01564409252144261,6.449454377052822
2025_16_BUF_CLE,2025,16,-3.0,-9.587610941333553,-6.987524291835168
2025_16_LAC_DAL,2025,16,-17.0,-0.7893505718579673,1.3931716877153795
2025_16_NYJ_NO,2025,16,23.0,4.885470627560773,5.490478112770145
2025_16_MIN_NYG,2025,16,-3.0,-2.913300421589057,-1.9142526367645605
2025_16_KC_TEN,2025,16,17.0,-6.721625894466464,-3.010050151340189
2025_16_CIN_MIA,2025,16,-24.0,4.1540555640802985,5.723163359739999
2025_16_ATL_ARI,2025,16,-7.0,-1.074051097664402,-2.52010621057277
2025_16_JAX_DEN,2025,16,-14.0,2.157679728358371,1.544963234065726
2025_16_PIT_DET,2025,16,-5.0,8.232532617312843,3.0162738098292285
2025_16_LV_HOU,2025,16,2.0,15.71613872234667,15.781672967842153
2025_16_NE_BAL,2025,16,-4.0,1.1371604062052714,0.2427877534442291
2025_16_SF_IND,2025,16,-21.0,0.16968696677690212,-4.077976095613696
2025_17_DAL_WAS,2025,17,-7.0,-5.203867546715431,-2.3700380865106148
2025_17_DET_MIN,2025,17,13.0,-0.13229133258887127,7.019961329812595
2025_17_DEN_KC,2025,17,-7.0,-1.5285910332185375,-6.224842691323859
2025_17_HOU_LAC,2025,17,-4.0,3.404174484806875,4.267395182369338
2025_17_BAL_GB,2025,17,-17.0,3.520125459535114,1.32847705140168
2025_17_SEA_CAR,2025,17,-17.0,-4.065246138526338,-1.6549336659091987
2025_17_ARI_CIN,2025,17,23.0,2.2614618193571836,3.6685400071730436
2025_17_PIT_CLE,2025,17,7.0,-5.6357352771535165,-5.673416923278886
2025_17_JAX_IND,2025,17,-6.0,-3.228530038983935,-6.900945028590259
2025_17_TB_MIA,2025,17,3.0,1.1036970458786683,4.4892605969839865
2025_17_NE_NYJ,2025,17,-32.0,-9.321693431417955,-7.643952562507325
2025_17_NO_TEN,2025,17,-8.0,1.2007304959110838,-1.718539996922519
2025_17_NYG_LV,2025,17,-24.0,-2.5470952501814574,0.07816614741669028
2025_17_PHI_BUF,2025,17,-1.0,1.5563785612450571,1.9348128241050595
2025_17_CHI_SF,2025,17,4.0,3.3467647719335267,4.460883340179436
2025_17_LA_ATL,2025,17,3.0,-5.155024250797195,-3.5984117945058145
2025_18_CAR_TB,2025,18,2.0,5.211357370412686,1.6315826506440074
2025_18_SEA_SF,2025,18,-10.0,-1.5072448413965347,3.1115571044796346
2025_18_NO_ATL,2025,18,2.0,1.9607325156732898,-1.2853094638334006
2025_18_CLE_CIN,2025,18,-2.0,9.345602509210975,9.447684647496757
2025_18_IND_HOU,2025,18,8.0,6.815890435639256,10.490187695025917
2025_18_TEN_JAX,2025,18,34.0,12.428103169811607,12.046418649100676
2025_18_GB_MIN,2025,18,13.0,1.6320901412372877,2.7302779028915225
2025_18_DAL_NYG,2025,18,17.0,-2.019525128736089,-3.5827237442746984
2025_18_NYJ_BUF,2025,18,27.0,12.544048811270144,10.00191759888325
2025_18_DET_CHI,2025,18,-3.0,1.748827988461536,5.626017006316911
2025_18_LAC_DEN,2025,18,16.0,4.3671309120960835,4.4811901868210455
2025_18_ARI_LA,2025,18,17.0,15.935042916422688,14.082366815633918
2025_18_KC_LV,2025,18,2.0,-6.0819031922453695,-1.907927374907948
2025_18_MIA_NE,2025,18,28.0,10.712094521864286,6.6127227269966316
2025_18_WAS_PHI,2025,18,-7.0,11.628332522304234,10.828699960018572
2025_18_BAL_PIT,2025,18,2.0,-0.13158936651081754,1.0110366657395968
