game_id,season,week,total_points,predicted,reference
2021_07_DEN_CLE,2021,7,31.0,49.09968085387982,48.90239273228872
2021_07_CIN_BAL,2021,7,58.0,50.07715494376655,51.78177548691117
2021_07_WAS_GB,2021,7,34.0,44.30594663089311,44.06552893868548
2021_07_ATL_MIA,2021,7,58.0,46.583024926108024,47.86576338320718
2021_07_NYJ_NE,2021,7,67.0,43.763365804418925,46.10426464511446
2021_07_CAR_NYG,2021,7,28.0,47.615048915962774,49.89844421025563
2021_07_KC_TEN,2021,7,30.0,52.239357357239015,51.40788198750836
2021_07_DET_LA,2021,7,47.0,48.14183074825916,47.955086558646514
2021_07_PHI_LV,2021,7,55.0,43.143556878960595,42.31049867898753
2021_07_HOU_ARI,2021,7,36.0,47.92977905910054,47.23570162909713
2021_07_CHI_TB,2021,7,41.0,52.660438824155044,52.72913923819684
2021_07_IND_SF,2021,7,48.0,50.19202331257615,51.49789363230285
2021_07_NO_SEA,2021,7,23.0,46.53073809846077,45.25687075619335
2021_08_GB_ARI,2021,8,45.0,51.5188351903082,51.27135610436156
2021_08_CAR_ATL,2021,8,32.0,46.22627515181306,46.5981940115534
2021_08_MIA_BUF,2021,8,37.0,50.31592085880835,50.01283327569426
2021_08_SF_CHI,2021,8,55.0,46.16678706424186,46.165830387391665
2021_08_PIT_CLE,2021,8,25.0,49.33399711995146,50.15260482745245
2021_08_PHI_DET,2021,8,50.0,46.39802254743677,46.63643303150119
2021_08_LA_HOU,2021,8,60.0,48.433253687754345,48.42860190352757
2021_08_TEN_IND,2021,8,65.0,52.74418971110802,52.06335729346098
2021_08_CIN_NYJ,2021,8,65.0,48.00994752970058,49.57645750912743
2021_08_NE_LAC,2021,8,51.0,48.14442984922986,49.3960645658335
2021_08_JAX_SEA,2021,8,38.0,45.9704794569371,45.463668956448984
2021_08_WAS_DEN,2021,8,27.0,49.530093941530225,50.14065875387779
2021_08_TB_NO,2021,8,63.0,50.46211949070512,49.44727788639929
2021_08_DAL_MIN,2021,8,36.0,48.50257882527099,47.529557721391456
2021_08_NYG_KC,2021,8,37.0,52.90392626540893,54.524629428221914
2021_09_NYJ_IND,2021,9,75.0,43.754019984969716,46.3531447007131
2021_09_MIN_BAL,2021,9,65.0,47.552762744091595,47.223475855042395
2021_09_NE_CAR,2021,9,30.0,43.61404777529506,44.64952755070131
2021_09_CLE_CIN,2021,9,57.0,51.63135534155376,51.97102689868536
2021_09_DEN_DAL,2021,9,46.0,54.208969237341265,54.626752365291516
2021_09_BUF_JAX,2021,9,15.0,49.69708269764022,49.367026064395674
2021_09_HOU_MIA,2021,9,26.0,50.135486287576796,51.24534565936003
2021_09_ATL_NO,2021,9,52.0,49.460500898672954,50.36782080275101
2021_09_LV_NYG,2021,9,39.0,47.961350728978836,47.53544845573161
2021_09_LAC_PHI,2021,9,51.0,48.05773039806347,48.53260905483192
2021_09_GB_KC,2021,9,20.0,52.91277995948444,52.105263115408114
2021_09_ARI_SF,2021,9,48.0,50.32732558294443,50.38448646208515
2021_09_TEN_LA,2021,9,44.0,53.302499900203685,53.60760781624566
2021_09_CHI_PIT,2021,9,56.0,45.80890116254011,46.64162348793768
2021_10_BAL_MIA,2021,10,32.0,47.63857668302942,48.90161382964155
2021_10_ATL_DAL,2021,10,46.0,52.76017602504058,51.63198468745851
2021_10_JAX_IND,2021,10,40.0,52.83123439026034,51.71886033283647
2021_10_CLE_NE,2021,10,52.0,49.858141389923205,51.530181454560434
2021_10_BUF_NYJ,2021,10,62.0,52.500885632057944,53.42232932601053
2021_10_DET_PIT,2021,10,32.0,42.47423893891862,43.937193887532
2021_10_NO_TEN,2021,10,44.0,49.127077762156674,49.279352409968325
2021_10_TB_WAS,2021,10,48.0,46.98381451705575,45.967057107272545
2021_10_CAR_ARI,2021,10,44.0,42.20993569816287,43.103722290376254
2021_10_MIN_LAC,2021,10,47.0,49.73214165405311,49.89249578180684
2021_10_PHI_DEN,2021,10,43.0,45.03733439294558,46.88439647903972
2021_10_SEA_GB,2021,10,17.0,43.96963500917376,45.1637716934394
2021_10_KC_LV,2021,10,55.0,51.63732171708396,50.344855467297606
2021_10_LA_SF,2021,10,41.0,47.4421531123527,47.79696344079257
2021_11_NE_ATL,2021,11,25.0,45.739848186889134,46.46291367885574
2021_11_IND_BUF,2021,11,56.0,48.18465945602355,48.420737585572176
2021_11_WAS_CAR,2021,11,48.0,43.76521068941979,45.33463462537692
2021_11_BAL_CHI,2021,11,29.0,46.861953869660034,48.56425388879356
2021_11_DET_CLE,2021,11,23.0,44.83495335175886,43.09854837522575
2021_11_SF_JAX,2021,11,40.0,42.83332200212436,43.399048007160076
2021_11_GB_MIN,2021,11,65.0,51.44048427739557,53.43896092530301
2021_11_MIA_NYJ,2021,11,41.0,48.39244462144126,49.55010130973992
2021_11_NO_PHI,2021,11,69.0,45.805494954195865,47.316862856085976
2021_11_HOU_TEN,2021,11,35.0,44.35223382580142,44.05130913789964
2021_11_CIN_LV,2021,11,45.0,47.83473535692765,47.401875438353244
2021_11_DAL_KC,2021,11,28.0,48.73616455242326,47.77501359869786
2021_11_ARI_SEA,2021,11,36.0,44.823205421464394,44.60773711026722
2021_11_PIT_LAC,2021,11,78.0,46.12514397362041,47.23354554761531
2021_11_NYG_TB,2021,11,40.0,49.04285034285921,47.88504144033115
2021_12_CHI_DET,2021,12,30.0,47.12280313291214,48.11001699275131
2021_12_LV_DAL,2021,12,69.0,47.07498369693086,46.29772763583054
2021_12_BUF_NO,2021,12,37.0,49.233469055502255,49.55410911874381
2021_12_PIT_CIN,2021,12,51.0,50.66268372328841,51.87496188416647
2021_12_NYJ_HOU,2021,12,35.0,42.870845330912765,45.06304823979585
2021_12_TB_IND,2021,12,69.0,47.54217340944789,48.39617315789635
2021_12_ATL_JAX,2021,12,35.0,43.73186381797898,43.68662248575862
2021_12_CAR_MIA,2021,12,43.0,38.292074961237816,37.805760159632804
2021_12_TEN_NE,2021,12,49.0,43.94177941327666,42.72482494222947
2021_12_PHI_NYG,2021,12,20.0,42.13535329232758,42.37991958590416
2021_12_LAC_DEN,2021,12,41.0,43.89220005226436,44.569662501853614
2021_12_LA_GB,2021,12,64.0,46.37742927554407,47.59392070322387
2021_12_MIN_SF,2021,12,60.0,51.25366570779447,51.40061490556272
2021_12_CLE_BAL,2021,12,26.0,48.11199707411636,48.61237532789226
2021_12_SEA_WAS,2021,12,32.0,42.57665848028793,41.224779422140585
2021_13_DAL_NO,2021,13,44.0,49.462939881783306,47.62704428138689
2021_13_TB_ATL,2021,13,47.0,46.007105836403255,45.305405170783146
2021_13_ARI_CHI,2021,13,55.0,47.590409288446885,48.60710828492859
2021_13_LAC_CIN,2021,13,63.0,49.48939229529569,47.27956935964152
2021_13_MIN_DET,2021,13,56.0,41.120109769398034,39.746487307669746
2021_13_IND_HOU,2021,13,31.0,39.70280789184445,39.74339959191937
2021_13_NYG_MIA,2021,13,29.0,42.379003122851245,43.72242498911762
2021_13_PHI_NYJ,2021,13,51.0,49.775838317223105,50.801243592451065
2021_13_JAX_LA,2021,13,44.0,45.612989035798954,47.31494770320936
2021_13_WAS_LV,2021,13,32.0,48.500077559327096,47.740269560232726
2021_13_BAL_PIT,2021,13,39.0,51.24573697087029,52.23083874538888
2021_13_SF_SEA,2021,13,53.0,39.17542328717106,40.238126751176765
2021_13_DEN_KC,2021,13,31.0,45.60264590864507,47.07307730702669
2021_13_NE_BUF,2021,13,24.0,46.17388316672052,48.54159743157445
2021_14_PIT_MIN,2021,14,64.0,50.20426718863795,50.45948286679882
2021_14_ATL_CAR,2021,14,50.0,40.342199207300375,40.59348060541432
2021_14_BAL_CLE,2021,14,46.0,39.79774424948363,38.86364005942296
2021_14_SEA_HOU,2021,14,46.0,39.78657422696888,39.05289479342676
2021_14_LV_KC,2021,14,57.0,45.533468538320655,45.12227500687663
2021_14_NO_NYJ,2021,14,39.0,44.850599854628754,43.491432074601434
2021_14_JAX_TEN,2021,14,20.0,38.61286955166511,38.742083726178976
2021_14_DAL_WAS,2021,14,47.0,46.36610457563048,47.206073258426564
2021_14_DET_DEN,2021,14,48.0,39.9340974811713,40.35632885026129
2021_14_NYG_LAC,2021,14,58.0,44.77601099399594,46.96206309251363
2021_14_SF_CIN,2021,14,49.0,46.60013462289201,46.67687094239916
2021_14_BUF_TB,2021,14,60.0,52.47521586742373,49.612561494330976
2021_14_CHI_GB,2021,14,75.0,45.13574943618792,47.421173827128996
2021_14_LA_ARI,2021,14,53.0,44.35548958977249,42.59990841988351
2021_15_KC_LAC,2021,15,62.0,50.38089286320003,50.74043587808359
2021_15_NE_IND,2021,15,44.0,46.85249492654587,47.23339718550635
2021_15_CAR_BUF,2021,15,45.0,43.42220463584374,42.85390217138792
2021_15_ARI_DET,2021,15,42.0,43.227377765620815,42.60793886701268
2021_15_HOU_JAX,2021,15,46.0,45.02937341170348,42.71831091405171
2021_15_NYJ_MIA,2021,15,55.0,40.510425663957534,41.54754556212306
2021_15_DAL_NYG,2021,15,27.0,40.19731547174999,40.769175775755755
2021_15_TEN_PIT,2021,15,32.0,50.8403802263598,51.83203006587737
2021_15_CIN_DEN,2021,15,25.0,43.31775503862382,44.35130122521368
2021_15_ATL_SF,2021,15,44.0,51.46554084008143,50.02013828652253
2021_15_GB_BAL,2021,15,61.0,45.252816950630184,46.58051862344815
2021_15_NO_TB,2021,15,9.0,49.676779000512084,48.68962871161672
2021_15_LV_CLE,2021,15,30.0,43.64476834188073,44.74379514567782
2021_15_MIN_CHI,2021,15,26.0,47.977012677364606,48.064771468175664
2021_15_SEA_LA,2021,15,30.0,49.23918506091696,50.70542781997452
2021_15_WAS_PHI,2021,15,44.0,45.177077726453405,46.571157174056665
2021_16_SF_TEN,2021,16,37.0,43.25922244723391,42.98965780453478
2021_16_CLE_GB,2021,16,46.0,48.317299408184745,51.40365168011432
2021_16_IND_ARI,2021,16,38.0,48.476435879307644,46.95539546727676
2021_16_DET_ATL,2021,16,36.0,42.91025763631367,43.967457629744736
2021_16_TB_CAR,2021,16,38.0,46.09023771048675,46.46979210297597
2021_16_BAL_CIN,2021,16,62.0,46.89584922468042,47.32387538843552
2021_16_LAC_HOU,2021,16,70.0,42.83221582321734,41.31165360185644
2021_16_LA_MIN,2021,16,53.0,46.6887712961636,46.64479719025779
2021_16_BUF_NE,2021,16,54.0,42.56985290200267,44.50940364200883
2021_16_JAX_NYJ,2021,16,47.0,42.963808384569866,42.85095421955592
2021_16_NYG_PHI,2021,16,44.0,45.12013991537979,45.469161036653304
2021_16_CHI_SEA,2021,16,49.0,46.86523487476575,45.97451819698141
2021_16_PIT_KC,2021,16,46.0,43.46355991645922,45.19142702260358
2021_16_DEN_LV,2021,16,30.0,43.06601545002315,44.91100471973966
2021_16_WAS_DAL,2021,16,70.0,38.87547193169122,41.36258372312248
2021_16_MIA_NO,2021,16,23.0,42.503250103843065,42.1996521765809
2021_17_LA_BAL,2021,17,39.0,46.7252687066085,46.408233002058466
2021_17_ATL_BUF,2021,17,44.0,45.39782065918299,46.76953574556044
2021_17_NYG_CHI,2021,17,32.0,45.85074315192598,46.740513919943815
2021_17_KC_CIN,2021,17,65.0,47.46047308787669,49.42644007861537
2021_17_LV_IND,2021,17,43.0,47.77243866716896,46.54430948047458
2021_17_JAX_NE,2021,17,60.0,43.22876973270852,42.886420956898384
2021_17_TB_NYJ,2021,17,52.0,44.84551930430607,42.50290261646443
2021_17_MIA_TEN,2021,17,37.0,37.43111809363818,37.67857197759767
2021_17_PHI_WAS,2021,17,36.0,40.536852794380515,42.89105309165032
2021_17_DEN_LAC,2021,17,47.0,50.69462788216222,51.22899770616606
2021_17_HOU_SF,2021,17,30.0,43.11092695730981,45.24130878680049
2021_17_ARI_DAL,2021,17,47.0,52.884781799757945,51.28984575261353
2021_17_CAR_NO,2021,17,28.0,43.24979902078207,42.03223582307935
2021_17_DET_SEA,2021,17,80.0,46.45702388804886,46.76621968525777
2021_17_MIN_GB,2021,17,47.0,51.9867756835267,50.8937654363135
2021_17_CLE_PIT,2021,17,40.0,44.57873580204111,43.83408626506208
2021_18_KC_DEN,2021,18,52.0,42.58433522041132,45.840779134289775
2021_18_DAL_PHI,2021,18,77.0,50.42331869844426,48.30691724018634
2021_18_PIT_BAL,2021,18,29.0,43.01678577208746,44.81070455867276
2021_18_CIN_CLE,2021,18,37.0,42.72912233156396,45.99027155046083
2021_18_GB_DET,2021,18,67.0,51.38451088886213,51.61045300273331
2021_18_TEN_HOU,2021,18,53.0,44.00290142458289,44.53614461395253
2021_18_IND_JAX,2021,18,37.0,39.67597738483159,41.55278923662803
2021_18_CHI_MIN,2021,18,48.0,42.067774188886716,41.17118229873501
2021_18_WAS_NYG,2021,18,29.0,42.786048677741924,43.10247302289513
2021_18_SEA_ARI,2021,18,68.0,43.61240281475958,43.788078167379936
2021_18_NO_ATL,2021,18,50.0,35.14648700419046,35.876707400436764
2021_18_NYJ_BUF,2021,18,37.0,49.96884168616245,48.81977557768456
2021_18_SF_LA,2021,18,51.0,45.139311198823854,46.397158984190106
2021_18_NE_MIA,2021,18,57.0,43.71283535799263,44.95385283908462
2021_18_CAR_TB,2021,18,58.0,42.544563784038196,43.897625478445434
2021_18_LAC_LV,2021,18,67.0,47.283206731774996,44.70752032546263
2022_01_BUF_LA,2022,1,41.0,44.206325893365054,43.67662226500715
2022_01_NO_ATL,2022,1,53.0,40.5752109222524,41.750344962713044
2022_01_CLE_CAR,2022,1,50.0,44.266163025312345,41.60968668292434
2022_01_SF_CHI,2022,1,29.0,40.19423704464194,41.32514160092141
2022_01_PIT_CIN,2022,1,43.0,43.7686563270159,41.7253474294708
2022_01_PHI_DET,2022,1,73.0,54.59746013569173,56.016209864424845
2022_01_IND_HOU,2022,1,40.0,45.93491718361229,45.90016580360221
2022_01_NE_MIA,2022,1,27.0,43.58937241805944,46.34851855232246
2022_01_BAL_NYJ,2022,1,33.0,45.92921802973124,44.85412490105667
2022_01_JAX_WAS,2022,1,50.0,43.77973643777146,42.055409552356295
2022_01_KC_ARI,2022,1,65.0,55.31966452154048,57.64825627444455
2022_01_LV_LAC,2022,1,43.0,56.09403197541603,55.91832235067706
2022_01_GB_MIN,2022,1,30.0,51.45139676945812,46.889579620009265
2022_01_NYG_TEN,2022,1,41.0,41.94153820073623,38.809905865285685
2022_01_TB_DAL,2022,1,22.0,53.24159919155078,53.22525983266027
2022_01_DEN_SEA,2022,1,33.0,42.83800280980283,43.09930703848254
2022_02_LAC_KC,2022,2,51.0,51.70523682907751,52.97367682203718
2022_02_MIA_BAL,2022,2,80.0,39.38779258715956,40.3290439301682
2022_02_NYJ_CLE,2022,2,61.0,41.71684244476904,41.84718921828057
2022_02_WAS_DET,2022,2,63.0,45.58001792446882,47.75183098057424
2022_02_IND_JAX,2022,2,24.0,44.70788985960191,45.781049641243996
2022_02_TB_NO,2022,2,30.0,41.36259224345067,43.96857221497963
2022_02_CAR_NYG,2022,2,35.0,39.18569492806878,38.248175808557335
2022_02_NE_PIT,2022,2,31.0,44.18785072631533,42.82693045302067
2022_02_ATL_LA,2022,2,58.0,41.39092957983702,42.173384113501456
2022_02_SEA_SF,2022,2,34.0,41.52783021515284,42.641163224584375
2022_02_CIN_DAL,2022,2,37.0,47.934788239181415,50.05797595848065
2022_02_HOU_DEN,2022,2,25.0,45.87835766498611,45.05578200584749
2022_02_ARI_LV,2022,2,52.0,48.380498135518195,50.24777203333191
2022_02_CHI_GB,2022,2,37.0,37.287432420101226,38.3628539316298
2022_02_TEN_BUF,2022,2,48.0,50.805680681256725,50.27952577656038
2022_02_MIN_PHI,2022,2,31.0,53.56451368825082,52.59449012404693
2022_03_PIT_CLE,2022,3,46.0,44.640138735488165,43.758703500654775
2022_03_NO_CAR,2022,3,36.0,41.758221882148995,43.516450457285416
2022_03_HOU_CHI,2022,3,43.0,40.91148734470829,41.41662733798814
2022_03_KC_IND,2022,3,37.0,46.68986772148525,48.38919758634235
2022_03_BUF_MIA,2022,3,40.0,46.18169200610191,47.12702676585401
2022_03_DET_MIN,2022,3,52.0,43.261172761984675,45.388761330589084
2022_03_BAL_NE,2022,3,63.0,48.543663303111096,46.675583908933255
2022_03_CIN_NYJ,2022,3,39.0,41.816938776784696,42.5964739169697
2022_03_LV_TEN,2022,3,46.0,43.79241700754117,46.28939795899405
2022_03_PHI_WAS,2022,3,32.0,49.79459323415603,52.110303022092275
2022_03_JAX_LAC,2022,3,48.0,46.59670312257834,46.90300956355688
2022_03_LA_ARI,2022,3,32.0,46.29458689537498,48.79280695632133
2022_03_ATL_SEA,2022,3,50.0,46.14580476580398,46.42797949328897
2022_03_GB_TB,2022,3,26.0,44.28235703839745,46.46679820832004
2022_03_SF_DEN,2022,3,21.0,38.61460033884932,40.48977350774975
2022_03_DAL_NYG,2022,3,39.0,43.34089079721373,44.06274568723389
2022_04_MIA_CIN,2022,4,42.0,44.25334024380125,46.13752111410149
2022_04_MIN_NO,2022,4,53.0,43.32032437919181,45.772055364222375
2022_04_CLE_ATL,2022,4,43.0,48.0293810329189,47.20118156075399
2022_04_BUF_BAL,2022,4,43.0,45.44667638706919,47.50140469481741
2022_04_WAS_DAL,2022,4,35.0,42.95073690677506,43.37209890649177
2022_04_SEA_DET,2022,4,93.0,50.34908430256242,50.41222348482997
2022_04_LAC_HOU,2022,4,58.0,43.48455730732234,44.5019596986115
2022_04_TEN_IND,2022,4,41.0,43.810624903212926,44.17183830314449
2022_04_CHI_NYG,2022,4,32.0,41.79872927393096,41.35701695251156
2022_04_JAX_PHI,2022,4,50.0,46.560323612211874,48.099602967731485
2022_04_NYJ_PIT,2022,4,44.0,40.41754538145268,40.74431890040211
2022_04_ARI_CAR,2022,4,42.0,41.67114075770233,44.85448775274291
2022_04_NE_GB,2022,4,51.0,41.78575879399648,42.97841661157615
2022_04_DEN_LV,2022,4,55.0,45.57443582149741,47.630050267713855
2022_04_KC_TB,2022,4,72.0,45.68570718288803,48.52471908575188
2022_04_LA_SF,2022,4,33.0,40.691101587764734,41.70792081273251
2022_05_IND_DEN,2022,5,21.0,43.51802853576384,42.99032249972386
2022_05_NYG_GB,2022,5,49.0,43.98459196450687,44.413762449695795
2022_05_PIT_BUF,2022,5,41.0,45.34535831236633,46.307707361236375
2022_05_LAC_CLE,2022,5,58.0,50.86697744316118,49.63674253494385
2022_05_HOU_JAX,2022,5,19.0,44.12251504318765,44.7227571663149
2022_05_CHI_MIN,2022,5,51.0,44.87451848787683,44.52847929528011
2022_05_DET_NE,2022,5,29.0,43.72560810975941,43.628751302150704
2022_05_SEA_NO,2022,5,71.0,43.6017568962702,44.49797393689478
2022_05_MIA_NYJ,2022,5,57.0,44.2979692616934,45.957535283071785
2022_05_ATL_TB,2022,5,36.0,46.766581360069196,45.16289280411714
2022_05_TEN_WAS,2022,5,38.0,43.6718957906884,44.719878018211524
2022_05_SF_CAR,2022,5,52.0,41.440355196917665,40.77829160228814
2022_05_PHI_ARI,2022,5,37.0,45.796557915616006,45.901916810503465
2022_05_DAL_LA,2022,5,32.0,42.730394660155035,42.56869893485132
2022_05_CIN_BAL,2022,5,36.0,51.213707499810745,49.52766102561994
2022_05_LV_KC,2022,5,59.0,51.871122985469675,51.168635878937394
2022_06_WAS_CHI,2022,6,19.0,41.68650820516382,41.89331296140687
2022_06_SF_ATL,2022,6,42.0,44.12403687484859,44.43572198237186
2022_06_NE_CLE,2022,6,53.0,47.50194311785807,49.97127433386828
2022_06_NYJ_GB,2022,6,37.0,45.66418663730243,45.199754932726925
2022_06_JAX_IND,2022,6,61.0,40.63181083962651,39.77940861285539
2022_06_MIN_MIA,2022,6,40.0,50.435155339218795,51.76433509712423
2022_06_CIN_NO,2022,6,56.0,43.26887608507339,44.32741177288841
2022_06_BAL_NYG,2022,6,44.0,46.701926165357136,47.77601956218193
2022_06_TB_PIT,2022,6,38.0,42.78690410071137,43.45820263178418
2022_06_CAR_LA,2022,6,34.0,39.08984039118731,39.55655946922064
2022_06_ARI_SEA,2022,6,28.0,52.761117368945754,52.16025621186138
2022_06_BUF_KC,2022,6,44.0,49.808407452791506,49.62589634906301
2022_06_DAL_PHI,2022,6,43.0,44.82869342681644,43.94135909235678
2022_06_DEN_LAC,2022,6,35.0,43.67544037852409,44.41736901419425
2022_07_NO_ARI,2022,7,76.0,42.78201922980659,44.88032775922656
2022_07_CLE_BAL,2022,7,43.0,50.251103123398345,50.03991285603
2022_07_TB_CAR,2022,7,24.0,44.35501981978115,44.88650337040138
2022_07_ATL_CIN,2022,7,52.0,47.192823558191385,47.25889156127998
2022_07_DET_DAL,2022,7,30.0,43.61119208483619,43.61410406090285
2022_07_NYG_JAX,2022,7,40.0,45.32572628607666,47.20513114156442
2022_07_IND_TEN,2022,7,29.0,41.054108055337345,41.87868136445884
2022_07_GB_WAS,2022,7,44.0,43.32286870297183,42.613735849768446
2022_07_NYJ_DEN,2022,7,25.0,39.19091382705265,38.684709498244125
2022_07_HOU_LV,2022,7,58.0,43.65700830428254,44.60877836537759
2022_07_SEA_LAC,2022,7,60.0,50.04505430621629,49.375641237713594
2022_07_KC_SF,2022,7,67.0,46.25116462222665,47.50359319563954
2022_07_PIT_MIA,2022,7,26.0,45.30411274622625,46.121410181185695
2022_07_CHI_NE,2022,7,47.0,47.643408573571946,49.18030322422386
2022_08_BAL_TB,2022,8,49.0,46.26043757232713,46.97264227543218
2022_08_DEN_JAX,2022,8,38.0,40.58024191031694,40.64165052577634
2022_08_CAR_ATL,2022,8,71.0,42.06284513762204,42.00874198754518
2022_08_CHI_DAL,2022,8,78.0,44.39052585646329,43.85112421958112
2022_08_MIA_DET,2022,8,58.0,49.391785933111954,46.90228719111483
2022_08_ARI_MIN,2022,8,60.0,49.36432000257929,48.653731167051134
2022_08_LV_NO,2022,8,24.0,53.49187259055913,53.25497722951394
2022_08_NE_NYJ,2022,8,39.0,41.59473778266499,41.32881508215023
2022_08_PIT_PHI,2022,8,48.0,45.0267515272569,45.558076836739964
2022_08_TEN_HOU,2022,8,27.0,43.633036302304006,44.33504386454855
2022_08_WAS_IND,2022,8,33.0,37.3781035202301,38.72427058887001
2022_08_SF_LA,2022,8,45.0,43.576440801430735,44.829897497148735
2022_08_NYG_SEA,2022,8,40.0,50.29917387594396,53.17244486557898
2022_08_GB_BUF,2022,8,44.0,46.200018468602394,47.22331176572398
2022_08_CIN_CLE,2022,8,45.0,49.51495792447846,49.41417424060912
2022_09_PHI_HOU,2022,9,46.0,42.72134737915473,43.08489991179214
2022_09_LAC_ATL,2022,9,37.0,46.761322357115525,46.411282716124866
2022_09_MIA_CHI,2022,9,67.0,46.15913084679605,48.900779619603604
2022_09_CAR_CIN,2022,9,63.0,45.57735363715724,46.97155243287907
2022_09_GB_DET,2022,9,24.0,47.67166144107235,44.14595276266626
2022_09_LV_JAX,2022,9,47.0,52.45541561786576,54.898130102100424
2022_09_IND_NE,2022,9,29.0,43.96621701039052,43.8661661748871
2022_09_BUF_NYJ,2022,9,37.0,43.356316319049284,44.42859283597739
2022_09_MIN_WAS,2022,9,37.0,41.9683887464061,42.907543773135245
2022_09_SEA_ARI,2022,9,52.0,48.56155892095318,46.35214728031621
2022_09_LA_TB,2022,9,29.0,40.42975974936288,39.68677614202843
2022_09_TEN_KC,2022,9,37.0,49.11279384537124,47.99877501064191
2022_09_BAL_NO,2022,9,40.0,54.17204756733326,54.18919928097869
2022_10_ATL_CAR,2022,10,40.0,53.131897336704185,51.52121918296153
2022_10_SEA_TB,2022,10,37.0,43.74710532430957,43.36319768561105
2022_10_MIN_BUF,2022,10,63.0,46.795981324939824,48.61957363786968
2022_10_DET_CHI,2022,10,61.0,47.80695555596793,45.915280867332214
2022_10_JAX_KC,2022,10,44.0,52.572034711778144,53.28281329671494
2022_10_CLE_MIA,2022,10,56.0,47.3882515884992,48.34534154846885
2022_10_HOU_NYG,2022,10,40.0,41.859765082921434,42.51234384692318
2022_10_NO_PIT,2022,10,30.0,45.14200848965635,46.09505146846946
2022_10_DEN_TEN,2022,10,27.0,36.96717593574185,35.2539408147518
2022_10_IND_LV,2022,10,45.0,41.32500349116096,41.894323556481886
2022_10_DAL_GB,2022,10,59.0,39.785571324648025,40.77398200149268
2022_10_ARI_LA,2022,10,44.0,40.03609418233661,40.02838130621024
2022_10_LAC_SF,2022,10,38.0,50.63914985041874,50.85071546839862
2022_10_WAS_PHI,2022,10,53.0,42.492519979221,42.73360296330103
2022_11_TEN_GB,2022,11,44.0,45.743380866394105,45.59912350319361
2022_11_CHI_ATL,2022,11,51.0,47.56951559850067,47.76453889914707
2022_11_CAR_BAL,2022,11,16.0,49.82863557464758,48.86738908145
2022_11_CLE_BUF,2022,11,54.0,47.71005895489922,48.45550221749913
2022_11_WAS_HOU,2022,11,33.0,40.39318096178606,41.41268154245642
2022_11_PHI_IND,2022,11,33.0,40.05233240233121,40.07643554580749
2022_11_NYJ_NE,2022,11,13.0,42.57898240048281,43.055858661331605
2022_11_LA_NO,2022,11,47.0,46.72716193663063,46.6296390505213
2022_11_DET_NYG,2022,11,49.0,46.73468112134569,47.01705174483425
2022_11_LV_DEN,2022,11,38.0,42.423583527932976,42.452347033358336
2022_11_DAL_MIN,2022,11,43.0,47.27037560323152,47.97471759645985
2022_11_CIN_PIT,2022,11,67.0,43.3656452341753,45.00529113954615
2022_11_KC_LAC,2022,11,57.0,47.06127733460093,47.285789879623366
2022_11_SF_ARI,2022,11,48.0,46.413889252633645,48.098412975233074
2022_12_BUF_DET,2022,12,53.0,51.63932146145023,51.14354872866835
2022_12_NYG_DAL,2022,12,48.0,50.93735833264226,53.07526116583043
2022_12_NE_MIN,2022,12,59.0,42.51024296674111,43.30662094914515
2022_12_DEN_CAR,2022,12,33.0,44.546752003767594,45.152386191214426
2022_12_TB_CLE,2022,12,40.0,49.470463280497725,49.858523821096476
2022_12_BAL_JAX,2022,12,55.0,43.91273982279966,44.19932621956821
2022_12_HOU_MIA,2022,12,45.0,47.40238046627282,46.96692509739881
2022_12_CHI_NYJ,2022,12,41.0,39.289999244109964,41.70726331992141
2022_12_CIN_TEN,2022,12,36.0,44.376436253158694,45.683982661102576
2022_12_ATL_WAS,2022,12,32.0,43.41312699529043,45.03327341805525
2022_12_LAC_ARI,2022,12,49.0,46.41079459021321,45.10440467527333
2022_12_LV_SEA,2022,12,74.0,50.14868609311592,47.33068751598375
2022_12_LA_KC,2022,12,36.0,44.39829514823164,45.18907389365994
2022_12_NO_SF,2022,12,13.0,45.175079847195576,44.99071927416038
2022_12_GB_PHI,2022,12,73.0,49.88525090521781,50.055514546312104
2022_12_PIT_IND,2022,12,41.0,41.43952939913916,42.852112319543096
2022_13_BUF_NE,2022,13,34.0,42.21501207184658,44.19709714841045
2022_13_PIT_ATL,2022,13,35.0,43.637447472439305,43.38647208406186
2022_13_DEN_BAL,2022,13,19.0,44.61971786875225,47.50013548400475
2022_13_GB_CHI,2022,13,47.0,50.142998396600376,51.052318530195144
2022_13_JAX_DET,2022,13,54.0,51.480375737555654,49.67769826334259
2022_13_CLE_HOU,2022,13,41.0,43.30292201785,44.22964700741628
2022_13_NYJ_MIN,2022,13,49.0,45.35868110151334,45.31466972250119
2022_13_WAS_NYG,2022,13,40.0,40.586887694533694,40.33054521949999
2022_13_TEN_PHI,2022,13,45.0,47.066604335665936,46.631001286085656
2022_13_SEA_LA,2022,13,50.0,43.97628995417331,43.913298851130435
2022_13_MIA_SF,2022,13,50.0,46.6386810899766,49.767848869403366
2022_13_KC_CIN,2022,13,51.0,49.98859222418258,50.11593251079928
2022_13_LAC_LV,2022,13,47.0,51.12080708984015,48.53338724001499
2022_13_IND_DAL,2022,13,73.0,43.455948228319855,43.745252452575315
2022_13_NO_TB,2022,13,33.0,42.2303284290881,40.21093950840375
2022_14_LV_LA,2022,14,33.0,41.39416496639012,42.250421408557074
2022_14_NYJ_BUF,2022,14,32.0,47.136414156373355,49.00361740105838
2022_14_CLE_CIN,2022,14,33.0,49.73141923273992,49.338985639750156
2022_14_HOU_DAL,2022,14,50.0,44.027909190707575,43.66885849368336
2022_14_MIN_DET,2022,14,57.0,50.26254737328894,48.590353098156534
2022_14_PHI_NYG,2022,14,70.0,45.12679049960087,47.03820372384805
2022_14_BAL_PIT,2022,14,30.0,47.205949006723245,47.977727042244666
2022_14_JAX_TEN,2022,14,58.0,43.712403765580454,45.1772141794835
2022_14_KC_DEN,2022,14,62.0,44.525653346519874,45.43025950506387
2022_14_CAR_SEA,2022,14,54.0,44.95261288001302,44.13757776251627
2022_14_TB_SF,2022,14,42.0,46.803236656268396,47.45643132646401
2022_14_MIA_LAC,2022,14,40.0,49.57495696901559,48.51645668623592
2022_14_NE_ARI,2022,14,40.0,42.869827020462864,42.957918460234886
2022_15_SF_SEA,2022,15,34.0,47.42120326642125,48.758628088761455
2022_15_IND_MIN,2022,15,75.0,46.598882867464624,45.46920294677424
2022_15_BAL_CLE,2022,15,16.0,46.737139781719875,47.121964997045346
2022_15_MIA_BUF,2022,15,61.0,46.436171294804424,48.031818191014224
2022_15_PIT_CAR,2022,15,40.0,42.512437686190495,42.73312238428454
2022_15_PHI_CHI,2022,15,45.0,48.83641870220197,48.08121696996827
2022_15_KC_HOU,2022,15,54.0,42.14624668542589,42.16340876692811
2022_15_DAL_JAX,2022,15,74.0,47.61494642515123,47.021669775707274
2022_15_ATL_NO,2022,15,39.0,43.962083626175996,42.84017260168371
2022_15_DET_NYJ,2022,15,37.0,44.85732401627579,44.93344949813858
2022_15_ARI_DEN,2022,15,39.0,41.01665597514221,40.880072634241245
2022_15_NE_LV,2022,15,54.0,46.13674703739058,46.91130784146657
2022_15_TEN_LAC,2022,15,31.0,46.89194864074711,48.40170158762554
2022_15_CIN_TB,2022,15,57.0,43.445238997780876,44.063275487803615
2022_15_NYG_WAS,2022,15,32.0,43.59883549319498,45.43060136820795
2022_15_LA_GB,2022,15,36.0,47.27897308313597,47.49631004571418
2022_16_JAX_NYJ,2022,16,22.0,44.188608886595674,47.85912696639761
2022_16_ATL_BAL,2022,16,26.0,44.2386763675891,44.35842797767959
2022_16_DET_CAR,2022,16,60.0,45.94672756619603,45.39350178992499
2022_16_BUF_CHI,2022,16,48.0,44.96424353574046,44.61307430622266
2022_16_NO_CLE,2022,16,27.0,39.55936860722987,39.28882838409002
2022_16_SEA_KC,2022,16,34.0,48.63703229347492,48.58636362868128
2022_16_NYG_MIN,2022,16,51.0,46.10454228986315,46.87032693430392
2022_16_CIN_NE,2022,16,40.0,47.247346155730824,48.55539119084012
2022_16_HOU_TEN,2022,16,33.0,41.5006640418558,41.50664231985559
2022_16_WAS_SF,2022,16,57.0,41.30174595707161,46.23096653731167
2022_16_PHI_DAL,2022,16,74.0,52.11324662458521,52.17637964436929
2022_16_LV_PIT,2022,16,23.0,45.886279052196215,46.53305469100541
2022_16_GB_MIA,2022,16,46.0,46.44730617759849,46.35271775556562
2022_16_DEN_LA,2022,16,65.0,38.2640912984012,41.12506988429611
2022_16_TB_ARI,2022,16,35.0,42.39257703148746,42.887241486036885
2022_16_LAC_IND,2022,16,23.0,47.93799579848413,48.09863076224613
2022_17_DAL_TEN,2022,17,40.0,45.830466677316366,46.068153856899954
2022_17_ARI_ATL,2022,17,39.0,41.61204268929412,41.06685852078827
2022_17_CHI_DET,2022,17,51.0,47.15239562941278,45.44679593711156
2022_17_JAX_HOU,2022,17,34.0,41.53834311170034,43.48564508124413
2022_17_DEN_KC,2022,17,51.0,46.24385074507299,47.54597429963299
2022_17_MIA_NE,2022,17,44.0,43.38054726815497,43.943822141283746
2022_17_IND_NYG,2022,17,48.0,40.634197005378795,43.224944828512946
2022_17_NO_PHI,2022,17,30.0,49.36032632736601,48.03161196493693
2022_17_CAR_TB,2022,17,54.0,43.59189952147203,44.950610856280136
2022_17_CLE_WAS,2022,17,34.0,39.93075626315111,40.183619680323666
2022_17_SF_LV,2022,17,71.0,42.52593377739086,42.69892771850931
2022_17_NYJ_SEA,2022,17,29.0,41.23375580336831,42.405692689287335
2022_17_MIN_GB,2022,17,58.0,49.77491475769337,49.103267053127084
2022_17_LA_LAC,2022,17,41.0,39.595247823367814,38.27581924594236
2022_17_PIT_BAL,2022,17,29.0,40.67880368250783,42.60344301000734
2022_18_KC_LV,2022,18,44.0,48.9649652767353,47.19563539769248
2022_18_TEN_JAX,2022,18,36.0,43.76668705949946,45.05692010256416
2022_18_TB_ATL,2022,18,47.0,42.465116809295615,43.74341925049816
2022_18_NE_BUF,2022,18,58.0,43.49872168899994,45.343107462268264
2022_18_MIN_CHI,2022,18,42.0,44.87992262834902,44.175801701871265
2022_18_BAL_CIN,2022,18,43.0,45.00714964836706,46.18915566034118
2022_18_HOU_IND,2022,18,63.0,42.786209589862914,44.092436531848115
2022_18_NYJ_MIA,2022,18,17.0,43.15637434221591,44.21357802932832
2022_18_CAR_NO,2022,18,17.0,43.63580301132763,44.398982406400094
2022_18_CLE_PIT,2022,18,42.0,41.35855564678433,40.08085402474096
2022_18_LAC_DEN,2022,18,59.0,44.021026067605945,46.083022611953986
2022_18_NYG_PHI,2022,18,38.0,49.89730658824107,51.73675953232049
2022_18_LA_SEA,2022,18,35.0,41.33127959784561,41.56400042963721
2022_18_ARI_SF,2022,18,51.0,45.88863165207802,46.103853726984305
2022_18_DAL_WAS,2022,18,32.0,46.35497361695188,46.23996368449102
2022_18_DET_GB,2022,18,36.0,53.26347446905774,53.28057718286045
2023_01_DET_KC,2023,1,41.0,48.25246176204152,46.72389282032799
2023_01_CAR_ATL,2023,1,34.0,45.17703740193453,45.33849603550794
2023_01_HOU_BAL,2023,1,34.0,40.791226012747956,41.87875968105841
2023_01_CIN_CLE,2023,1,27.0,40.59155257774718,37.74834284300351
2023_01_JAX_IND,2023,1,52.0,40.25755399982805,40.56616798928819
2023_01_TB_MIN,2023,1,37.0,44.734617364925754,46.72326889863547
2023_01_TEN_NO,2023,1,31.0,33.100406446407725,32.929022636772885
2023_01_SF_PIT,2023,1,37.0,40.83709092588994,42.31748963776169
2023_01_ARI_WAS,2023,1,36.0,30.42063213507283,29.914221312745042
2023_01_GB_CHI,2023,1,58.0,38.05823698807847,38.52599347884001
2023_01_LV_DEN,2023,1,33.0,42.802000452434484,45.16710379238374
2023_01_MIA_LAC,2023,1,70.0,45.33422656446504,44.47913496911093
2023_01_PHI_NE,2023,1,45.0,43.49925135913354,44.32911463261328
2023_01_LA_SEA,2023,1,43.0,34.954005641826186,35.22900323306661
2023_01_DAL_NYG,2023,1,40.0,46.62490909170438,47.59819263731444
2023_01_BUF_NYJ,2023,1,38.0,39.71667101434369,40.670961375504234
2023_02_MIN_PHI,2023,2,62.0,49.341761581426795,49.60057769545655
2023_02_GB_ATL,2023,2,49.0,39.57862219442015,39.28684703369778
2023_02_LV_BUF,2023,2,48.0,48.93121683071644,49.09834021116475
2023_02_BAL_CIN,2023,2,51.0,40.957257001296064,41.4666536822577
2023_02_SEA_DET,2023,2,68.0,44.49007376841225,43.87452048378924
2023_02_IND_HOU,2023,2,51.0,39.67165403921876,40.06658970447371
2023_02_KC_JAX,2023,2,26.0,40.68410706376681,39.88158070133762
2023_02_CHI_TB,2023,2,44.0,39.76826973627327,40.78056061621615
2023_02_LAC_TEN,2023,2,51.0,41.726133699239696,42.78724124115479
2023_02_NYG_ARI,2023,2,59.0,39.056878044587265,40.7585471034369
2023_02_SF_LA,2023,2,53.0,43.84466149415884,47.034628177643924
2023_02_NYJ_DAL,2023,2,40.0,40.50201100301958,41.28180120531633
2023_02_WAS_DEN,2023,2,68.0,41.00335556894673,41.99334869914616
2023_02_MIA_NE,2023,2,41.0,45.39588732864415,45.94322295203045
2023_02_NO_CAR,2023,2,37.0,40.221613249518114,40.00784292416092
2023_02_CLE_PIT,2023,2,48.0,37.91284152332654,37.19289354258994
2023_03_NYG_SF,2023,3,42.0,48.228142784786094,48.279318009280665
2023_03_IND_BAL,2023,3,41.0,42.30239193269603,42.99113895932601
2023_03_TEN_CLE,2023,3,30.0,38.07484224525944,39.398743027834165
2023_03_ATL_DET,2023,3,26.0,48.351851548880376,47.38026665706667
2023_03_NO_GB,2023,3,35.0,44.7602783135564,47.06902247205079
2023_03_HOU_JAX,2023,3,54.0,44.40632863804113,44.00357635317214
2023_03_DEN_MIA,2023,3,90.0,45.22558129779502,45.17813770281227
2023_03_LAC_MIN,2023,3,52.0,49.29110737426767,47.42073664370939
2023_03_NE_NYJ,2023,3,25.0,38.67139665510124,40.65220905872868
2023_03_BUF_WAS,2023,3,40.0,42.93945245302842,42.05909358728993
2023_03_CAR_SEA,2023,3,64.0,44.908263935707595,42.91609863208198
2023_03_DAL_ARI,2023,3,44.0,42.475764438720205,40.83822106007884
2023_03_CHI_KC,2023,3,51.0,43.48028381711555,40.302006113457416
2023_03_PIT_LV,2023,3,41.0,41.89590305873273,42.91320160700346
2023_03_PHI_TB,2023,3,36.0,44.13796575299044,43.07360637849629
2023_03_LA_CIN,2023,3,35.0,40.82271957159037,41.15087663132252
2023_04_DET_GB,2023,4,54.0,46.967145935180106,46.66112104369034
2023_04_ATL_JAX,2023,4,30.0,40.68899515173339,41.511062201147425
2023_04_MIA_BUF,2023,4,68.0,51.67791032771177,49.75754164242357
2023_04_MIN_CAR,2023,4,34.0,44.32022496614782,44.53987129617032
2023_04_DEN_CHI,2023,4,59.0,43.930157989610514,43.24042695246337
2023_04_BAL_CLE,2023,4,31.0,40.53590533884127,42.813888718634644
2023_04_PIT_HOU,2023,4,36.0,42.500449826809145,44.15705063905511
2023_04_LA_IND,2023,4,52.0,43.991822625927504,45.892034914725926
2023_04_TB_NO,2023,4,35.0,35.05628940188427,37.396446222400115
2023_04_WAS_PHI,2023,4,65.0,42.25599953257195,41.71540183958937
2023_04_CIN_TEN,2023,4,30.0,41.351278474997535,42.039948698791534
2023_04_LV_LAC,2023,4,41.0,48.96792287197614,47.923232297012646
2023_04_NE_DAL,2023,4,41.0,43.39365796314396,44.09516250270535
2023_04_ARI_SF,2023,4,51.0,44.1812701617987,41.80104915831943
2023_04_KC_NYJ,2023,4,43.0,41.7161773752751,42.294821129262004
2023_04_SEA_NYG,2023,4,27.0,44.63813041943236,42.480834319507125
2023_05_CHI_WAS,2023,5,60.0,44.92872399215182,45.48358487921914
2023_05_JAX_BUF,2023,5,45.0,45.36231609371755,43.672842326229095
2023_05_HOU_ATL,2023,5,40.0,41.3854231568175,42.24093216707553
2023_05_CAR_DET,2023,5,66.0,46.06989669619313,44.613393961874706
2023_05_TEN_IND,2023,5,39.0,42.26485918652534,42.750572668475876
2023_05_NYG_MIA,2023,5,47.0,48.99438099327951,47.30055374045983
2023_05_NO_NE,2023,5,34.0,38.423743948006596,40.79851090290997
2023_05_BAL_PIT,2023,5,27.0,41.877409883309326,40.722753320561935
2023_05_CIN_ARI,2023,5,54.0,44.693332432088184,42.32814790788523
2023_05_PHI_LA,2023,5,37.0,48.589124245633556,48.520376318630845
2023_05_NYJ_DEN,2023,5,52.0,45.66633980913858,47.09460185728004
2023_05_KC_MIN,2023,5,47.0,46.05283333952363,46.97380587242816
2023_05_DAL_SF,2023,5,52.0,47.05987299890067,46.76259971489336
2023_05_GB_LV,2023,5,30.0,42.26159756911856,41.315357773900445
2023_06_DEN_KC,2023,6,27.0,48.50760791515205,48.1693060850441
2023_06_BAL_TEN,2023,6,40.0,37.62357075411869,41.01363902345403
2023_06_WAS_ATL,2023,6,40.0,39.01924803610245,41.304041633196576
2023_06_MIN_CHI,2023,6,32.0,48.27404184190442,47.14245675576433
2023_06_SEA_CIN,2023,6,30.0,42.64659520601523,41.634929128197534
2023_06_SF_CLE,2023,6,36.0,42.538582737479125,42.068172781313464
2023_06_NO_HOU,2023,6,33.0,46.556796832836824,47.917980372038365
2023_06_IND_JAX,2023,6,57.0,43.86971594516261,43.787109400664704
2023_06_CAR_MIA,2023,6,63.0,48.61127230311849,47.76882236795532
2023_06_NE_LV,2023,6,38.0,42.115184822756206,41.53304738255677
2023_06_ARI_LA,2023,6,35.0,45.92364880369266,46.120163340218205
2023_06_PHI_NYJ,2023,6,34.0,40.96851703201673,43.219834493128204
2023_06_DET_TB,2023,6,26.0,46.02220881540762,45.464398577413924
2023_06_NYG_BUF,2023,6,23.0,45.24702443958771,47.51177955974978
2023_06_DAL_LAC,2023,6,37.0,49.44054475335568,47.74772281403702
2023_07_JAX_NO,2023,7,55.0,38.068074457583435,39.14888592612766
2023_07_DET_BAL,2023,7,44.0,39.899666297286814,39.774831962933526
2023_07_LV_CHI,2023,7,42.0,46.64342265068042,46.09088823526494
2023_07_CLE_IND,2023,7,77.0,43.86574283839348,43.77149695810593
2023_07_BUF_NE,2023,7,54.0,41.350609077778614,40.58199803831876
2023_07_WAS_NYG,2023,7,21.0,39.63310308697969,40.58932958759567
2023_07_ATL_TB,2023,7,29.0,37.982298491821716,40.424274333542826
2023_07_PIT_LA,2023,7,41.0,42.24749413226813,43.087331507818796
2023_07_ARI_SEA,2023,7,30.0,47.589213752464495,46.96341245071938
2023_07_GB_DEN,2023,7,36.0,43.92361358806058,44.51864741619515
2023_07_LAC_KC,2023,7,48.0,46.12646781474194,46.383398820356064
2023_07_MIA_PHI,2023,7,48.0,54.0465660642421,53.25657925512694
2023_07_SF_MIN,2023,7,39.0,44.48297136578911,43.714555660934025
2023_08_TB_BUF,2023,8,42.0,44.2211584719821,44.69576646405401
2023_08_HOU_CAR,2023,8,28.0,43.588467616416565,44.18541379186877
2023_08_LA_DAL,2023,8,63.0,43.905460761615544,45.12031213132267
2023_08_MIN_GB,2023,8,34.0,40.18617011862845,39.50002185057327
2023_08_NO_IND,2023,8,65.0,44.22058705859695,45.17307869240589
2023_08_NE_MIA,2023,8,48.0,50.838288270832685,47.8146002219329
2023_08_NYJ_NYG,2023,8,23.0,35.32493900984355,37.97049470285985
2023_08_JAX_PIT,2023,8,30.0,39.74272545561197,41.02266088512039
2023_08_ATL_TEN,2023,8,51.0,38.966318535186076,41.012697307936804
2023_08_PHI_WAS,2023,8,69.0,43.556851184159456,43.85547300908548
2023_08_CLE_SEA,2023,8,44.0,43.6424752151631,43.671575907470384
2023_08_BAL_ARI,2023,8,55.0,41.34169455363772,42.710062279422274
2023_08_KC_DEN,2023,8,33.0,43.8328169623562,43.12300039587244
2023_08_CIN_SF,2023,8,48.0,41.9019810466075,42.693812532422044
2023_08_CHI_LAC,2023,8,43.0,47.1552479523136,46.40360065230741
2023_08_LV_DET,2023,8,40.0,47.878673716790985,46.68488517647326
2023_09_TEN_PIT,2023,9,36.0,40.6575441226559,40.007429390715515
2023_09_MIA_KC,2023,9,35.0,47.53973206208902,44.85584701263661
2023_09_MIN_ATL,2023,9,59.0,41.127831205269054,41.051960209434654
2023_09_SEA_BAL,2023,9,40.0,44.00984619537267,44.449565381372096
2023_09_ARI_CLE,2023,9,27.0,43.97416226542667,44.00845481201193
2023_09_LA_GB,2023,9,23.0,40.46106459616257,40.16827742242551
2023_09_TB_HOU,2023,9,76.0,38.84289519806367,38.06770763486186
2023_09_WAS_NE,2023,9,37.0,40.55621481498418,40.57291756589426
2023_09_CHI_NO,2023,9,41.0,45.13815107343733,46.48423128098888
2023_09_IND_CAR,2023,9,40.0,43.965324523060914,43.12435536841646
2023_09_NYG_LV,2023,9,36.0,36.82184091538986,38.77375759699383
2023_09_DAL_PHI,2023,9,51.0,50.08467889764053,48.31575662307821
2023_09_BUF_CIN,2023,9,42.0,43.51398527194735,44.76649330950867
2023_09_LAC_NYJ,2023,9,33.0,40.225819994490045,40.83544917459574
2023_10_CAR_CHI,2023,10,29.0,39.08494370624241,40.172954069942676
2023_10_IND_NE,2023,10,16.0,40.36223847045558,41.04644456718202
2023_10_CLE_BAL,2023,10,64.0,41.21593487748309,44.0714143851827
2023_10_HOU_CIN,2023,10,57.0,44.03927393558659,45.63405360466346
2023_10_SF_JAX,2023,10,37.0,45.75671974378601,45.8053128779058
2023_10_NO_MIN,2023,10,46.0,44.30052240715176,47.20034816207989
2023_10_GB_PIT,2023,10,42.0,38.253984254999565,37.02030501935206
2023_10_TEN_TB,2023,10,26.0,40.982918210229656,41.44038749821683
2023_10_ATL_ARI,2023,10,48.0,41.28532435554044,41.35001958256184
2023_10_DET_LAC,2023,10,79.0,44.473132693587935,44.33347235860086
2023_10_NYG_DAL,2023,10,66.0,45.6021109574314,45.3148188257975
2023_10_WAS_SEA,2023,10,55.0,41.54492953132427,41.45257126915813
2023_10_NYJ_LV,2023,10,28.0,38.067926480459825,41.11349872091555
2023_10_DEN_BUF,2023,10,46.0,44.48191513932407,41.024725516864194
2023_11_CIN_BAL,2023,11,54.0,46.045962749555294,48.01890330848958
2023_11_DAL_CAR,2023,11,43.0,41.12443063107752,41.66120643071932
2023_11_PIT_CLE,2023,11,23.0,42.93370040135142,43.69330863291033
2023_11_CHI_DET,2023,11,57.0,49.9204239034451,46.64656348422227
2023_11_LAC_GB,2023,11,43.0,43.92337936589637,42.126920101336985
2023_11_ARI_HOU,2023,11,37.0,46.63783320357493,45.72344867980083
2023_11_TEN_JAX,2023,11,48.0,42.929509992939316,44.57334228601906
2023_11_LV_MIA,2023,11,33.0,47.17801691677948,45.6810347986112
2023_11_NYG_WAS,2023,11,50.0,43.879556336913346,43.76636291909087
2023_11_TB_SF,2023,11,41.0,44.750601244436595,44.944925060431295
2023_11_NYJ_BUF,2023,11,38.0,44.7613382946118,44.56250519983236
2023_11_SEA_LA,2023,11,33.0,39.54307601690117,40.30156026104182
2023_11_MIN_DEN,2023,11,41.0,45.52635954055507,44.13148161373394
2023_11_PHI_KC,2023,11,38.0,40.444012951232,40.28566752905879
2023_12_GB_DET,2023,12,51.0,50.59246236109084,50.7773248822157
2023_12_WAS_DAL,2023,12,55.0,51.635217401442894,51.79571498450092
2023_12_SF_SEA,2023,12,44.0,43.56169641587997,44.6573786549481
2023_12_MIA_NYJ,2023,12,47.0,38.269934554570085,38.39604667356652
2023_12_NO_ATL,2023,12,39.0,43.501780446558854,45.6435197333584
2023_12_PIT_CIN,2023,12,26.0,43.62370526074484,45.55457696119895
2023_12_JAX_HOU,2023,12,45.0,46.09697833750364,45.33758055259087
2023_12_TB_IND,2023,12,47.0,44.86429283486267,44.21387891491524
2023_12_NE_NYG,2023,12,17.0,37.563300763546444,40.92074999256947
2023_12_CAR_TEN,2023,12,27.0,41.59195724942602,41.38560150056958
2023_12_LA_ARI,2023,12,51.0,40.07421345264718,39.551705256851605
2023_12_CLE_DEN,2023,12,41.0,43.75916780197899,42.10190335950377
2023_12_KC_LV,2023,12,48.0,39.08316149150625,39.5152381892787
2023_12_BUF_PHI,2023,12,71.0,47.67614782018392,47.21838726497495
2023_12_BAL_LAC,2023,12,30.0,47.181698559066255,48.39501250677209
2023_12_CHI_MIN,2023,12,22.0,45.3512603394495,43.99439571963775
2023_13_SEA_DAL,2023,13,76.0,48.65205308473167,46.94006743445042
2023_13_DEN_HOU,2023,13,39.0,46.55741022638974,45.70134780060055
2023_13_LAC_NE,2023,13,6.0,39.466186853386716,39.479147733315706
2023_13_DET_NO,2023,13,61.0,47.20325535548818,48.43159453282014
2023_13_ATL_NYJ,2023,13,21.0,35.999718236007595,39.38920351053678
2023_13_ARI_PIT,2023,13,34.0,42.16081383344063,40.70684478074618
2023_13_IND_TEN,2023,13,59.0,40.779362875221906,39.85655395501607
2023_13_MIA_WAS,2023,13,60.0,45.594476899215536,43.94956417101751
2023_13_CAR_TB,2023,13,39.0,42.406441811492364,43.26583030598376
2023_13_CLE_LA,2023,13,55.0,40.073214423412495,40.44404510940943
2023_13_SF_PHI,2023,13,61.0,48.328512811608896,48.53661907691378
2023_13_KC_GB,2023,13,46.0,42.39321571316039,43.206752599694084
2023_13_CIN_JAX,2023,13,65.0,41.47578739116713,42.57921741398789
2023_14_NE_PIT,2023,14,39.0,36.4648925309544,40.27987713809649
2023_14_TB_ATL,2023,14,54.0,41.17061583451701,41.87657413626354
2023_14_LA_BAL,2023,14,68.0,42.00099533008956,43.40281044797359
2023_14_DET_CHI,2023,14,41.0,44.40915850211144,42.95244021310379
2023_14_IND_CIN,2023,14,48.0,48.055749960653934,45.50977519024633
2023_14_JAX_CLE,2023,14,58.0,43.373754081510434,43.290299589294946
2023_14_CAR_NO,2023,14,34.0,43.17736956699509,44.14300076460586
2023_14_HOU_NYJ,2023,14,36.0,41.336114377288524,42.057009203902055
2023_14_MIN_LV,2023,14,3.0,38.85705178063739,38.30675985553641
2023_14_SEA_SF,2023,14,44.0,45.660273703788434,45.513538060189205
2023_14_BUF_KC,2023,14,37.0,44.48042008712502,45.88605234315903
2023_14_DEN_LAC,2023,14,31.0,40.78172422526132,40.59427555349092
2023_14_PHI_DAL,2023,14,46.0,50.76146934655998,50.71755799187194
2023_14_TEN_MIA,2023,14,55.0,44.1736091661724,42.633883199753946
2023_14_GB_NYG,2023,14,46.0,41.731504900252645,42.38460124403016
2023_15_LAC_LV,2023,15,84.0,39.80245478147796,38.81497884720923
2023_15_MIN_CIN,2023,15,51.0,43.28651352341021,45.027979597137
2023_15_PIT_IND,2023,15,43.0,43.80163512331075,43.25409591652261
2023_15_DEN_DET,2023,15,59.0,46.75354998064094,44.51394461421313
2023_15_ATL_CAR,2023,15,16.0,40.291992654723515,40.10732787281285
2023_15_CHI_CLE,2023,15,37.0,40.78690993785837,40.57517531701329
2023_15_TB_GB,2023,15,54.0,43.42617653596518,45.351139712578494
2023_15_NYJ_MIA,2023,15,30.0,43.677920281449225,43.579986321596735
2023_15_KC_NE,2023,15,44.0,34.22468522093381,37.23210331545045
2023_15_NYG_NO,2023,15,30.0,43.3168978298048,44.7200776488294
2023_15_HOU_TEN,2023,15,35.0,43.33004312194313,44.432903355698706
2023_15_SF_ARI,2023,15,74.0,46.29818177818035,45.92985885408187
2023_15_WAS_LA,2023,15,48.0,46.06523931012275,46.16679246895136
2023_15_DAL_BUF,2023,15,41.0,49.496917905382944,48.368889559193335
2023_15_BAL_JAX,2023,15,30.0,48.35521032330608,49.733277720917044
2023_15_PHI_SEA,2023,15,37.0,44.745506587578284,43.04244425803482
2023_16_NO_LA,2023,16,52.0,44.332445500816036,46.50279339687335
2023_16_CIN_PIT,2023,16,45.0,41.0738743336393,42.15275754373414
2023_16_BUF_LAC,2023,16,46.0,43.83320247748997,42.528701440589515
2023_16_IND_ATL,2023,16,39.0,40.39658143834291,38.24316835972031
2023_16_GB_CAR,2023,16,63.0,39.86474267139137,40.36705651926803
2023_16_CLE_HOU,2023,16,58.0,41.084908350362596,39.53786640284606
2023_16_DET_MIN,2023,16,54.0,41.82592490792106,40.41195553344858
2023_16_WAS_NYJ,2023,16,58.0,36.485217857676346,37.37651621213176
2023_16_SEA_TEN,2023,16,37.0,41.262685521453605,42.95291945342496
2023_16_JAX_TB,2023,16,42.0,45.102732835502465,47.12427765381981
2023_16_ARI_CHI,2023,16,43.0,41.67427872029192,41.52565835067399
2023_16_DAL_MIA,2023,16,42.0,48.59588734295822,46.50261765634146
2023_16_NE_DEN,2023,16,49.0,41.277591560573846,42.85907167121145
2023_16_LV_KC,2023,16,34.0,41.3016456200351,42.32357596858576
2023_16_NYG_PHI,2023,16,58.0,45.55699333971367,46.52721810364921
2023_16_BAL_SF,2023,16,52.0,50.134385751079094,51.27596690922714
2023_17_NYJ_CLE,2023,17,57.0,44.433697213939276,45.635285492903094
2023_17_DET_DAL,2023,17,39.0,49.41690747769696,48.53205257208639
2023_17_MIA_BAL,2023,17,75.0,47.69301463070471,46.202829154316014
2023_17_NE_BUF,2023,17,48.0,44.82560167871644,45.12626627517302
2023_17_ATL_CHI,2023,17,54.0,42.27688320243936,41.23583577466879
2023_17_TEN_HOU,2023,17,29.0,39.837888553083076,39.955098336616715
2023_17_LV_IND,2023,17,43.0,42.64978537950485,41.444641246284334
2023_17_CAR_JAX,2023,17,26.0,42.54250431846866,43.502890999794474
2023_17_LA_NYG,2023,17,51.0,42.96988880235098,43.7242835576518
2023_17_ARI_PHI,2023,17,66.0,51.70817437870076,48.624539210129484
2023_17_NO_TB,2023,17,36.0,42.041161003562635,43.24143332967361
2023_17_SF_WAS,2023,17,37.0,52.41828205471803,51.00801170094179
2023_17_PIT_SEA,2023,17,53.0,42.093164555539694,43.716611169456854
2023_17_LAC_DEN,2023,17,25.0,43.87673490214213,41.852254677030786
2023_17_CIN_KC,2023,17,42.0,41.621593250621444,43.13034907664664
2023_17_GB_MIN,2023,17,43.0,42.90222755704683,42.92418287419687
2023_18_PIT_BAL,2023,18,27.0,48.56308096916728,50.1637346000937
2023_18_HOU_IND,2023,18,42.0,43.57145593976132,41.331529203200986
2023_18_TB_CAR,2023,18,9.0,41.66807884960165,42.7174165581994
2023_18_CLE_CIN,2023,18,45.0,45.66587462859107,45.65328008438156
2023_18_MIN_DET,2023,18,50.0,45.929291872797386,44.90702821447262
2023_18_NYJ_NE,2023,18,20.0,37.978711377556124,41.63617076151793
2023_18_ATL_NO,2023,18,65.0,42.64478195728194,42.47409339051093
2023_18_JAX_TEN,2023,18,48.0,39.9868149330449,39.41831393511242
2023_18_SEA_ARI,2023,18,41.0,47.69004488588229,47.49769790793776
2023_18_CHI_GB,2023,18,26.0,45.70131742068712,47.288441660060876
2023_18_KC_LAC,2023,18,25.0,40.982420103994016,40.672966597707266
2023_18_DEN_LV,2023,18,41.0,41.83921492995681,42.65108608207501
2023_18_PHI_NYG,2023,18,37.0,44.738259728817916,43.49937047695742
2023_18_LA_SF,2023,18,41.0,50.267766328322345,52.3975378557037
2023_18_DAL_WAS,2023,18,48.0,44.339807185164524,41.58311322366344
2023_18_BUF_MIA,2023,18,35.0,46.2597954619811,43.915331304122574
2024_01_BAL_KC,2024,1,47.0,39.11891401415366,39.010663465408825
2024_01_GB_PHI,2024,1,63.0,49.07626596034399,48.629823693195036
2024_01_PIT_ATL,2024,1,28.0,37.359125143843315,37.73668286064597
2024_01_ARI_BUF,2024,1,62.0,46.1084462720818,46.287742052159516
2024_01_TEN_CHI,2024,1,41.0,38.764591792546504,39.68400742892386
2024_01_NE_CIN,2024,1,26.0,39.67793449357159,40.34477351034891
2024_01_HOU_IND,2024,1,56.0,41.573201054745915,38.79449020864694
2024_01_JAX_MIA,2024,1,37.0,46.37120210416041,44.930500283146706
2024_01_CAR_NO,2024,1,57.0,43.102278922241474,42.856053664322765
2024_01_MIN_NYG,2024,1,34.0,44.64075213154211,46.378005181935805
2024_01_LV_LAC,2024,1,32.0,38.75806192133494,39.479906010968904
2024_01_DEN_SEA,2024,1,46.0,42.14895497121518,42.57457125994876
2024_01_DAL_CLE,2024,1,50.0,45.637862317670795,44.64293166699292
2024_01_WAS_TB,2024,1,57.0,41.4689297936554,41.14415200052457
2024_01_LA_DET,2024,1,46.0,47.91661349832739,48.61186775273813
2024_01_NYJ_SF,2024,1,51.0,43.406095353099985,44.92019640298193
2024_02_BUF_MIA,2024,2,41.0,46.722580167602516,46.164147801564695
2024_02_LV_BAL,2024,2,49.0,44.488253062396744,45.537952565536834
2024_02_LAC_CAR,2024,2,29.0,41.08516879709304,40.3040760143808
2024_02_NO_DAL,2024,2,63.0,48.23962417120342,49.056817957508024
2024_02_TB_DET,2024,2,36.0,47.426059966818485,47.44124326288666
2024_02_IND_GB,2024,2,26.0,48.58686332846992,47.2551390245577
2024_02_CLE_JAX,2024,2,31.0,42.03534943434585,40.104987772054876
2024_02_SF_MIN,2024,2,40.0,44.49032940318461,44.991285269736515
2024_02_SEA_NE,2024,2,43.0,37.45603750637714,36.16783685327664
2024_02_NYJ_TEN,2024,2,41.0,38.95381888497582,38.059832378726746
2024_02_NYG_WAS,2024,2,39.0,42.865513967890685,42.489284167266405
2024_02_LA_ARI,2024,2,51.0,50.99251125627305,50.506775085760474
2024_02_PIT_DEN,2024,2,19.0,39.932637352926136,40.39203232059406
2024_02_CIN_KC,2024,2,51.0,40.34364765121746,41.697278521995216
2024_02_CHI_HOU,2024,2,32.0,43.5880556076357,43.99349770277844
2024_02_ATL_PHI,2024,2,43.0,47.42596005836669,47.74337548497389
2024_03_NE_NYJ,2024,3,27.0,35.0573645535721,38.24783270132533
2024_03_NYG_CLE,2024,3,36.0,41.835097256071805,42.402836536168195
2024_03_CHI_IND,2024,3,37.0,39.629896178393494,39.245908662307144
2024_03_HOU_MIN,2024,3,41.0,40.80192781540234,40.27817381285874
2024_03_PHI_NO,2024,3,27.0,53.509122440183475,50.84883029758441
2024_03_LAC_PIT,2024,3,30.0,37.2588535078654,39.82002241372051
2024_03_DEN_TB,2024,3,33.0,40.252437249278174,40.388775085049495
2024_03_GB_TEN,2024,3,44.0,42.22548416513557,43.21443017076436
2024_03_CAR_LV,2024,3,58.0,42.01697592930523,40.83779556970739
2024_03_MIA_SEA,2024,3,27.0,46.622775962139514,45.589471503112804
2024_03_DET_ARI,2024,3,33.0,48.629401321335564,47.485323262689704
2024_03_BAL_DAL,2024,3,53.0,46.972152690844936,46.334451595603085
2024_03_SF_LA,2024,3,51.0,45.250574137161344,44.70021114528893
2024_03_KC_ATL,2024,3,39.0,40.14297591311531,40.755389180858344
2024_03_JAX_BUF,2024,3,57.0,44.295109576337794,44.836260920049405
2024_03_WAS_CIN,2024,3,71.0,42.77276171207252,41.13002673142461
2024_04_DAL_NYG,2024,4,35.0,42.173818744383496,42.36878320665063
2024_04_NO_ATL,2024,4,50.0,43.160872533037455,44.21615830069388
2024_04_CIN_CAR,2024,4,58.0,41.733853711102185,39.8241715415903
2024_04_LA_CHI,2024,4,42.0,39.714379742609296,39.494679579580065
2024_04_MIN_GB,2024,4,60.0,45.4286923004141,47.98811530059349
2024_04_JAX_HOU,2024,4,44.0,40.4915575476822,40.248434450813406
2024_04_PIT_IND,2024,4,51.0,42.087932082592815,40.72660111328163
2024_04_DEN_NYJ,2024,4,19.0,40.48396533830144,39.31604931129414
2024_04_PHI_TB,2024,4,49.0,45.062509441983316,45.31741259668158
2024_04_WAS_ARI,2024,4,56.0,50.22917428751381,47.82627893169463
2024_04_NE_SF,2024,4,43.0,43.88506521997088,43.45853298697563
2024_04_KC_LAC,2024,4,27.0,38.74869967247485,38.127885296213705
2024_04_CLE_LV,2024,4,36.0,42.62701241622911,41.90688977289906
2024_04_BUF_BAL,2024,4,45.0,49.26518426630453,48.538306563848
2024_04_TEN_MIA,2024,4,43.0,39.227251760248095,39.003571614635504
2024_04_SEA_DET,2024,4,71.0,43.27318408635112,43.760510083176214
2024_05_TB_ATL,2024,5,66.0,40.478826864173215,40.99905260313777
2024_05_NYJ_MIN,2024,5,40.0,42.573596622580624,43.46611364790885
2024_05_CAR_CHI,2024,5,46.0,41.61216508883938,38.834473861900705
2024_05_BAL_CIN,2024,5,79.0,49.734928279076264,49.237005367272396
2024_05_BUF_HOU,2024,5,43.0,45.110155213130156,44.084354536247986
2024_05_IND_JAX,2024,5,71.0,41.902788980367184,41.0669286398027
2024_05_MIA_NE,2024,5,25.0,40.52807553902798,39.81082307827489
2024_05_CLE_WAS,2024,5,47.0,45.245673942973454,42.66750700482739
2024_05_LV_DEN,2024,5,52.0,38.38936266306093,37.034706569029794
2024_05_ARI_SF,2024,5,47.0,48.789599621660116,46.299927751162016
2024_05_GB_LA,2024,5,43.0,43.95756816136365,43.79726007775705
2024_05_NYG_SEA,2024,5,49.0,42.88663001224519,44.5315598117394
2024_05_DAL_PIT,2024,5,37.0,39.680704469017556,40.04622093425844
2024_05_NO_KC,2024,5,39.0,44.92886963891199,47.47845073621379
2024_06_SF_SEA,2024,6,60.0,47.144280577638064,46.30385605127511
2024_06_JAX_CHI,2024,6,51.0,43.365892080267045,44.081834795993586
2024_06_WAS_BAL,2024,6,53.0,52.95811602875603,52.12021329245155
2024_06_ARI_GB,2024,6,47.0,49.058414080168006,48.03838861988896
2024_06_HOU_NE,2024,6,62.0,42.57557221062076,42.93254264036423
2024_06_TB_NO,2024,6,78.0,45.02546338726692,44.13491320126826
2024_06_CLE_PHI,2024,6,36.0,44.933239674229554,43.19941020073912
2024_06_IND_TEN,2024,6,37.0,44.439780765428395,42.093572137532924
2024_06_LAC_DEN,2024,6,39.0,37.94719774746813,34.874577759693366
2024_06_PIT_LV,2024,6,45.0,42.091879503609334,43.859879748105804
2024_06_ATL_CAR,2024,6,58.0,43.24429386042597,44.27887195296549
2024_06_DET_DAL,2024,6,56.0,49.38954677079528,48.46201222345375
2024_06_CIN_NYG,2024,6,24.0,46.208140102345624,47.3641781830198
2024_06_BUF_NYJ,2024,6,43.0,39.15864569612227,39.14037287532116
2024_07_DEN_NO,2024,7,43.0,43.14866731093094,42.07848921190588
2024_07_NE_JAX,2024,7,48.0,41.77607736362068,44.802760667572116
2024_07_SEA_ATL,2024,7,48.0,49.62308081376468,49.394603763366405
2024_07_TEN_BUF,2024,7,44.0,44.6538333336332,44.22984247080447
2024_07_CIN_CLE,2024,7,35.0,44.483020259024904,44.0995584222528
2024_07_HOU_GB,2024,7,46.0,49.703039064569616,49.8925654902816
2024_07_MIA_IND,2024,7,26.0,44.56076292910003,43.460355309057796
2024_07_DET_MIN,2024,7,60.0,47.73459815007664,46.552574599287716
2024_07_PHI_NYG,2024,7,31.0,43.24344319832889,44.086769484671215
2024_07_LV_LA,2024,7,35.0,42.656770245266614,41.647226690648495
2024_07_CAR_WAS,2024,7,47.0,48.752281673163665,47.53047844079386
2024_07_KC_SF,2024,7,46.0,44.198705877214536,46.62216131064211
2024_07_NYJ_PIT,2024,7,52.0,39.324527190303996,44.22731333263407
2024_07_BAL_TB,2024,7,72.0,52.3242325934635,53.06589434087341
2024_07_LAC_ARI,2024,7,32.0,40.48011162244194,40.849060650086365
2024_08_MIN_LA,2024,8,50.0,42.623998059414404,42.516937267612064
2024_08_PHI_CIN,2024,8,54.0,49.239349808457604,46.71056609954505
2024_08_BAL_CLE,2024,8,53.0,46.256386009307334,46.08569656808244
2024_08_TEN_DET,2024,8,66.0,46.72348797914465,45.38470486656567
2024_08_IND_HOU,2024,8,43.0,47.46448539553728,46.79032040087231
2024_08_GB_JAX,2024,8,57.0,51.32016546642352,53.49463363926678
2024_08_ARI_MIA,2024,8,55.0,40.9517793129168,40.478769326685324
2024_08_NYJ_NE,2024,8,47.0,38.2029340427219,39.897497718025164
2024_08_ATL_TB,2024,8,57.0,53.824679570609355,57.33127586145615
2024_08_NO_LAC,2024,8,34.0,39.75243360518971,38.747342304603045
2024_08_BUF_SEA,2024,8,41.0,49.56215477503849,48.85536582525011
2024_08_CAR_DEN,2024,8,42.0,43.73684199555089,42.639723287152215
2024_08_KC_LV,2024,8,47.0,42.52751128747079,42.0947409535517
2024_08_CHI_WAS,2024,8,33.0,45.971099724040705,46.33753334848796
2024_08_DAL_SF,2024,8,54.0,47.61234422280862,45.49687087652116
2024_08_NYG_PIT,2024,8,44.0,43.2787843191007,45.93039712092842
2024_09_HOU_NYJ,2024,9,34.0,40.36737597518169,40.41661589912712
2024_09_DAL_ATL,2024,9,48.0,49.213673046484345,48.40932626693004
2024_09_DEN_BAL,2024,9,51.0,48.480196091850864,49.47963272859484
2024_09_MIA_BUF,2024,9,57.0,45.11933279832617,44.856736410789956
2024_09_NO_CAR,2024,9,45.0,44.13165870416225,41.926339588364044
2024_09_LV_CIN,2024,9,65.0,46.43875499183146,44.250264562803096
2024_09_LAC_CLE,2024,9,37.0,41.01625851076095,40.86667719937234
2024_09_WAS_NYG,2024,9,49.0,42.17103659503755,42.508278310484684
2024_09_NE_TEN,2024,9,37.0,40.34070998479588,41.182772606079
2024_09_CHI_ARI,2024,9,38.0,49.4575462345224,50.276449178661494
2024_09_JAX_PHI,2024,9,51.0,49.86698167973017,48.75169996738414
2024_09_DET_GB,2024,9,38.0,52.25516299084196,52.6157403501851
2024_09_LA_SEA,2024,9,46.0,44.90485770188849,44.14676664480155
2024_09_IND_MIN,2024,9,34.0,45.19662557828901,44.281937213432556
2024_09_TB_KC,2024,9,54.0,45.6582513385818,48.03801460218095
2024_10_CIN_BAL,2024,10,69.0,48.383410955255286,47.31526810576378
2024_10_NYG_CAR,2024,10,37.0,40.96887184325816,42.17921027949654
2024_10_NE_CHI,2024,10,22.0,43.567728444925066,44.63056174612579
2024_10_BUF_IND,2024,10,50.0,48.64453319805541,47.004458594778235
2024_10_MIN_JAX,2024,10,19.0,45.27275113767321,45.187626314663895
2024_10_DEN_KC,2024,10,30.0,45.406243534052045,49.51017011951708
2024_10_ATL_NO,2024,10,37.0,46.51808820441727,45.956399199685556
2024_10_SF_TB,2024,10,43.0,54.67167233315391,54.781449928932894
2024_10_PIT_WAS,2024,10,55.0,46.46853349470682,46.005483846660134
2024_10_TEN_LAC,2024,10,44.0,44.801340931275696,45.141082933854115
2024_10_NYJ_ARI,2024,10,37.0,48.25828332373154,50.07804428076219
2024_10_PHI_DAL,2024,10,40.0,46.59379358349298,45.16395898894283
2024_10_DET_HOU,2024,10,49.0,47.234700683385825,45.68351337327413
2024_10_MIA_LA,2024,10,38.0,45.88013391711157,47.27072284596528
2024_11_WAS_PHI,2024,11,44.0,50.21998851724545,48.80265030245053
2024_11_GB_CHI,2024,11,39.0,40.605897478082596,42.41990146581776
2024_11_JAX_DET,2024,11,58.0,49.28515487125368,46.08990624931557
2024_11_LV_MIA,2024,11,53.0,42.39442811548839,42.22123745522916
2024_11_LA_NE,2024,11,50.0,39.554880530782064,39.70594447660284
2024_11_CLE_NO,2024,11,49.0,40.48605210562157,39.76034206862342
2024_11_IND_NYJ,2024,11,55.0,40.03107083772218,40.07111530211048
2024_11_BAL_PIT,2024,11,34.0,52.3049777217139,51.84732455358629
2024_11_MIN_TEN,2024,11,36.0,43.69689111064602,44.384203167568465
2024_11_ATL_DEN,2024,11,44.0,45.01354780829648,47.7632003559393
2024_11_SEA_SF,2024,11,37.0,46.958416051035435,45.509442184463246
2024_11_KC_BUF,2024,11,51.0,47.377509914909595,49.06886661199424
2024_11_CIN_LAC,2024,11,61.0,45.8491709847783,45.08140073000976
2024_11_HOU_DAL,2024,11,44.0,41.520523249821935,39.8346420167939
2024_12_PIT_CLE,2024,12,43.0,41.19739483921959,43.26474850878149
2024_12_KC_CAR,2024,12,57.0,41.77783902376116,41.75932435640688
2024_12_MIN_CHI,2024,12,57.0,41.33827904279941,41.31844073986001
2024_12_TEN_HOU,2024,12,59.0,44.67719243832906,44.78629312490344
2024_12_DET_IND,2024,12,30.0,47.0225140881967,44.26323055162581
2024_12_NE_MIA,2024,12,49.0,43.62333233296498,45.17432035888968
2024_12_TB_NYG,2024,12,37.0,42.19575446229064,42.7437842299035
2024_12_DAL_WAS,2024,12,60.0,46.10019793313843,43.672860189951635
2024_12_DEN_LV,2024,12,48.0,41.793927006834274,42.58896430667318
2024_12_SF_GB,2024,12,48.0,48.81045610118478,48.40420642610022
2024_12_ARI_SEA,2024,12,22.0,46.05418044197077,44.96189684754764
2024_12_PHI_LA,2024,12,57.0,49.51194965425288,50.18553416200689
2024_12_BAL_LAC,2024,12,53.0,47.604829339594104,48.43297603835424
2024_13_CHI_DET,2024,13,43.0,47.82246676201837,46.40909187587076
2024_13_NYG_DAL,2024,13,47.0,41.031346009792486,42.12309561058562
2024_13_MIA_GB,2024,13,47.0,47.59194937865304,49.15487504626397
2024_13_LV_KC,2024,13,36.0,47.48151728245882,46.3084029155618
2024_13_LAC_ATL,2024,13,30.0,43.95525442008265,46.09377091128009
2024_13_PIT_CIN,2024,13,82.0,46.837439772650995,46.99652696448466
2024_13_HOU_JAX,2024,13,43.0,42.52356255485427,40.95632117268614
2024_13_ARI_MIN,2024,13,45.0,44.74467458098704,45.09238765276004
2024_13_IND_NE,2024,13,49.0,40.3292503342446,40.72952852889641
2024_13_SEA_NYJ,2024,13,47.0,40.16320182080221,40.516143286359735
2024_13_TEN_WAS,2024,13,61.0,48.126307517974226,46.12143105557613
2024_13_TB_CAR,2024,13,49.0,46.66881053913876,45.04607404106622
2024_13_LA_NO,2024,13,35.0,46.572404288866736,45.2126764314434
2024_13_PHI_BAL,2024,13,43.0,51.36145306392167,50.037461399685185
2024_13_SF_BUF,2024,13,45.0,49.795672765098644,48.895818429630395
2024_13_CLE_DEN,2024,13,73.0,46.3034552303409,47.35492629637946
2024_14_GB_DET,2024,14,65.0,50.0529348490724,49.77967232813744
2024_14_NYJ_MIA,2024,14,58.0,43.74623791279623,45.127835672516824
2024_14_ATL_MIN,2024,14,63.0,44.57964413498418,44.29201761832074
2024_14_NO_NYG,2024,14,25.0,43.12370303782652,43.26840764635477
2024_14_CAR_PHI,2024,14,38.0,47.405281681563565,46.019897936814324
2024_14_CLE_PIT,2024,14,41.0,48.628989159534356,48.695087673125904
2024_14_LV_TB,2024,14,41.0,48.93154224066116,45.433789209348404
2024_14_JAX_TEN,2024,14,16.0,42.28130593973539,41.370492538126655
2024_14_SEA_ARI,2024,14,48.0,43.18952350009734,42.276811728497535
2024_14_BUF_LA,2024,14,86.0,46.5218348684361,45.809947892842686
2024_14_CHI_SF,2024,14,51.0,40.31401204775405,41.038879163481205
2024_14_LAC_KC,2024,14,36.0,43.710374060709576,45.310509122591924
2024_14_CIN_DAL,2024,14,47.0,43.692138088349814,42.63074307013362
2024_15_LA_SF,2024,15,18.0,46.47420376699222,44.6291282041698
2024_15_DAL_CAR,2024,15,44.0,45.01365780558058,44.11204922055184
2024_15_KC_CLE,2024,15,28.0,45.01594148811303,45.65333293794872
2024_15_MIA_HOU,2024,15,32.0,47.39842534609776,47.717709074211946
2024_15_NYJ_JAX,2024,15,57.0,40.853157156458074,40.143616741330085
2024_15_WAS_NO,2024,15,39.0,44.84279970101509,42.7842471972736
2024_15_BAL_NYG,2024,15,49.0,43.22616256862018,42.21032342725536
2024_15_CIN_TEN,2024,15,64.0,44.07259007507097,43.40472505626251
2024_15_NE_ARI,2024,15,47.0,41.18130929963149,41.905403690524764
2024_15_IND_DEN,2024,15,44.0,43.181575170386495,44.02286913875468
2024_15_BUF_DET,2024,15,90.0,52.419906586029406,52.00925589098274
2024_15_TB_LAC,2024,15,57.0,44.5005754372179,46.14320523295303
2024_15_PIT_PHI,2024,15,40.0,45.94705605478815,47.93578519135423
2024_15_GB_SEA,2024,15,43.0,46.255871515903266,45.72305907897928
2024_15_CHI_MIN,2024,15,42.0,45.52437467650038,48.12849504219568
2024_15_ATL_LV,2024,15,24.0,45.42240731694022,44.88716216474524
2024_16_DEN_LAC,2024,16,61.0,42.090874304022584,42.69268947842122
2024_16_HOU_KC,2024,16,46.0,42.07959257668983,43.38099152789309
2024_16_PIT_BAL,2024,16,51.0,46.709423208102116,44.87664272540694
2024_16_NYG_ATL,2024,16,41.0,39.896286354187836,40.5563436450079
2024_16_ARI_CAR,2024,16,66.0,45.48066748644563,44.461552764728225
2024_16_DET_CHI,2024,16,51.0,45.27516763453056,45.436100371961516
2024_16_CLE_CIN,2024,16,30.0,50.38578366150753,49.257937485702264
2024_16_TEN_IND,2024,16,68.0,41.21802623740095,40.60837461836323
2024_16_LA_NYJ,2024,16,28.0,44.92722472689367,45.79938130898782
2024_16_PHI_WAS,2024,16,69.0,49.35190505260179,48.04632558598681
2024_16_MIN_SEA,2024,16,51.0,44.073780945243406,44.86883918142706
2024_16_NE_BUF,2024,16,45.0,52.0647380027022,52.991481572513855
2024_16_JAX_LV,2024,16,33.0,42.027813234002366,41.82125262054603
2024_16_SF_MIA,2024,16,46.0,46.59912499841112,46.67997296009142
2024_16_TB_DAL,2024,16,50.0,47.88350052566666,46.568038301022625
2024_16_NO_GB,2024,16,34.0,47.50259768863035,46.80701409577574
2024_17_KC_PIT,2024,17,39.0,44.22739871162011,46.11796834276492
2024_17_BAL_HOU,2024,17,33.0,52.522250339454885,50.767326590304464
2024_17_SEA_CHI,2024,17,9.0,41.11503601090725,42.38424303769058
2024_17_LAC_NE,2024,17,47.0,42.38032916711867,43.66519255506443
2024_17_DEN_CIN,2024,17,54.0,47.019277089008675,45.52124194772294
2024_17_ARI_LA,2024,17,22.0,51.42808851523322,53.08903650276487
2024_17_NYJ_BUF,2024,17,54.0,52.39353644508111,51.88850228129673
2024_17_TEN_JAX,2024,17,33.0,42.078118416034336,41.534349321819455
2024_17_LV_NO,2024,17,35.0,40.38499293389305,39.58700956092359
2024_17_IND_NYG,2024,17,78.0,40.694483669329465,41.24753050340926
2024_17_DAL_PHI,2024,17,48.0,47.14270893112125,46.46595990878677
2024_17_CAR_TB,2024,17,62.0,48.61166791415623,47.572103408467136
2024_17_MIA_CLE,2024,17,23.0,42.252589511544684,42.59748864321775
2024_17_GB_MIN,2024,17,52.0,48.816996801666086,49.356232614195676
2024_17_ATL_WAS,2024,17,54.0,48.93539815338603,47.93453361724165
2024_17_DET_SF,2024,17,74.0,47.059470412146574,45.13326399736216
2024_18_CLE_BAL,2024,18,45.0,43.29411830387696,44.43497436810519
2024_18_CIN_PIT,2024,18,36.0,44.952835366259386,44.2356933114053
2024_18_CAR_ATL,2024,18,82.0,45.522450311988685,45.648525692832635
2024_18_WAS_DAL,2024,18,42.0,47.322180017685085,45.87705573723392
2024_18_CHI_GB,2024,18,46.0,43.63803684552667,44.82054977867689
2024_18_JAX_IND,2024,18,49.0,47.079047479677385,47.88423552729824
2024_18_BUF_NE,2024,18,39.0,48.457090676724334,49.01934515332577
2024_18_NYG_PHI,2024,18,33.0,43.9904229380541,46.34581359498366
2024_18_NO_TB,2024,18,46.0,47.70566351336251,47.260417718593374
2024_18_HOU_TEN,2024,18,37.0,41.12126647936454,41.27431080565974
2024_18_SF_ARI,2024,18,71.0,48.18744383157198,47.95586960383759
2024_18_KC_DEN,2024,18,38.0,45.24799322116516,47.2467985435948
2024_18_SEA_LA,2024,18,55.0,42.68776651951169,44.491635146989836
2024_18_LAC_LV,2024,18,54.0,40.052033864987806,40.52696598700368
2024_18_MIA_NYJ,2024,18,52.0,42.382484057121914,45.07735237798398
2024_18_MIN_DET,2024,18,40.0,52.393912535123874,52.85261167597011
2025_01_DAL_PHI,2025,1,44.0,45.19072493463159,44.37184682227302
2025_01_KC_LAC,2025,1,48.0,45.52451571577294,48.24905054348383
2025_01_TB_ATL,2025,1,43.0,53.091567021821184,54.26015340331636
2025_01_CIN_CLE,2025,1,33.0,39.07927226994736,36.94590359328303
2025_01_MIA_IND,2025,1,41.0,46.96073299616577,46.931042899020056
2025_01_CAR_JAX,2025,1,36.0,41.97342721035824,43.45913807157039
2025_01_LV_NE,2025,1,33.0,40.67668905944976,41.035784230822266
2025_01_ARI_NO,2025,1,33.0,39.39535113016641,39.261766472952154
2025_01_PIT_NYJ,2025,1,66.0,40.75333740012502,41.24410401236709
2025_01_NYG_WAS,2025,1,27.0,43.57927654143318,43.23938771666996
2025_01_TEN_DEN,2025,1,32.0,49.71116564032239,50.33061627149265
2025_01_SF_SEA,2025,1,30.0,40.55287404312506,39.84503887004001
2025_01_DET_GB,2025,1,40.0,52.203485823972635,52.43156702459451
2025_01_HOU_LA,2025,1,23.0,42.09289842914306,41.59569636448944
2025_01_BAL_BUF,2025,1,81.0,55.893486960693735,55.72553787555704
2025_01_MIN_CHI,2025,1,51.0,37.28560676074749,36.35550113915788
2025_02_WAS_GB,2025,2,45.0,47.953884058378165,49.186736817154966
2025_02_CLE_BAL,2025,2,58.0,47.85819243147088,47.54318768253169
2025_02_JAX_CIN,2025,2,58.0,46.12760946924381,45.82399728184966
2025_02_NYG_DAL,2025,2,77.0,40.563974626972545,41.90515803937872
2025_02_CHI_DET,2025,2,73.0,46.7199580393101,46.57973867967936
2025_02_NE_MIA,2025,2,60.0,41.239072471084114,41.132671693930504
2025_02_SF_NO,2025,2,47.0,41.63878418201064,43.50541854206369
2025_02_BUF_NYJ,2025,2,40.0,46.69836841776862,44.27548657496756
2025_02_SEA_PIT,2025,2,48.0,41.20353623689823,40.63305473893868
2025_02_LA_TEN,2025,2,52.0,41.710717830181444,41.66893818411015
2025_02_CAR_ARI,2025,2,49.0,46.78660677598768,48.27518954444471
2025_02_DEN_IND,2025,2,57.0,51.24082095808456,53.99799639531102
2025_02_PHI_KC,2025,2,37.0,41.09427024596755,41.46768922782911
2025_02_ATL_MIN,2025,2,28.0,43.26259002038971,44.046801183202476
2025_02_TB_HOU,2025,2,39.0,42.53180122921246,44.82650834109244
2025_02_LAC_LV,2025,2,29.0,44.08025096988213,45.72421727149618
2025_03_MIA_BUF,2025,3,52.0,51.914589080154855,49.336832535914276
2025_03_ATL_CAR,2025,3,30.0,47.29328122172979,48.43363455864147
2025_03_GB_CLE,2025,3,23.0,38.85373896743785,38.189130253643704
2025_03_HOU_JAX,2025,3,27.0,44.226967049921114,45.19708283685051
2025_03_CIN_MIN,2025,3,58.0,41.60938067796545,40.08974314689034
2025_03_PIT_NE,2025,3,35.0,41.66496009617266,41.70548376930256
2025_03_LA_PHI,2025,3,59.0,46.718013752752256,47.621551069457134
2025_03_NYJ_TB,2025,3,56.0,49.01150705642891,48.6916670546302
2025_03_IND_TEN,2025,3,61.0,45.864612021829785,44.86040527732746
2025_03_LV_WAS,2025,3,65.0,46.193799906970185,46.08710547247624
2025_03_DEN_LAC,2025,3,43.0,47.04163459567813,49.139323400344836
2025_03_NO_SEA,2025,3,57.0,39.828115630787906,39.04745937481357
2025_03_DAL_CHI,2025,3,45.0,42.93050716237134,41.97320075948778
2025_03_ARI_SF,2025,3,31.0,47.06934411298499,48.19317712123751
2025_03_KC_NYG,2025,3,31.0,44.017437595940315,45.65263294215196
2025_03_DET_BAL,2025,3,68.0,50.9204807129307,49.67492654883962
2025_04_SEA_ARI,2025,4,43.0,45.27062555387431,46.862775925435464
2025_04_MIN_PIT,2025,4,45.0,42.93161073962921,42.20393850827049
2025_04_WAS_ATL,2025,4,61.0,45.33139767179715,44.4914101575482
2025_04_NO_BUF,2025,4,50.0,52.73529208455936,51.642143210749666
2025_04_CLE_DET,2025,4,44.0,47.92309218789156,48.13621853367484
2025_04_TEN_HOU,2025,4,26.0,40.10416354410867,40.13068840830668
2025_04_CAR_NE,2025,4,55.0,42.37623552263193,43.46377394816649
2025_04_LAC_NYG,2025,4,39.0,42.82224120729053,43.458974491504094
2025_04_PHI_TB,2025,4,56.0,50.10543664168419,49.147017888538805
2025_04_IND_LA,2025,4,47.0,51.28509372880801,50.76619730088507
2025_04_JAX_SF,2025,4,47.0,44.71200873958551,45.64507018167235
2025_04_BAL_KC,2025,4,57.0,45.676378650574094,44.473940533511225
2025_04_CHI_LV,2025,4,49.0,42.27803786246582,43.010887421352194
2025_04_GB_DAL,2025,4,80.0,46.53996337079282,46.34745369505566
2025_04_NYJ_MIA,2025,4,48.0,42.676591920884064,42.11557500634325
2025_04_CIN_DEN,2025,4,31.0,45.959398398699946,43.71669841445578
2025_05_SF_LA,2025,5,49.0,48.06430091361186,48.93610082381629
2025_05_MIN_CLE,2025,5,38.0,38.234306887155725,38.035859828329734
2025_05_HOU_BAL,2025,5,54.0,47.05275659225836,46.734342298873315
2025_05_MIA_CAR,2025,5,51.0,45.7697681846342,44.820207808942016
2025_05_LV_IND,2025,5,46.0,49.097324433266415,47.836424672882146
2025_05_NYG_NO,2025,5,40.0,40.52594096080563,41.241619558837634
2025_05_DAL_NYJ,2025,5,59.0,48.57985686701983,47.53479827851003
2025_05_DEN_PHI,2025,5,38.0,47.135366482507706,47.83635558387528
2025_05_TEN_ARI,2025,5,43.0,40.92958574602362,39.58200880691933
2025_05_TB_SEA,2025,5,73.0,47.645603587993165,46.613242157268786
2025_05_DET_CIN,2025,5,61.0,47.75869817289026,43.96434806296949
2025_05_WAS_LAC,2025,5,37.0,48.03686281860388,46.13620276367484
2025_05_NE_BUF,2025,5,43.0,50.42206383789999,49.70521365260505
2025_05_KC_JAX,2025,5,59.0,45.901977461234026,46.83815797016146
2025_06_PHI_NYG,2025,6,51.0,42.612262022141294,42.66410579645316
2025_06_DEN_NYJ,2025,6,24.0,46.14288792963217,46.68438778248655
2025_06_LA_BAL,2025,6,20.0,49.71440440448913,48.58305845705284
2025_06_DAL_CAR,2025,6,57.0,51.08114280985616,50.017466140743906
2025_06_ARI_IND,2025,6,58.0,49.04421779466358,48.03947636566064
2025_06_SEA_JAX,2025,6,32.0,47.19025789834045,48.1474149037126
2025_06_LAC_MIA,2025,6,56.0,47.791823156101316,48.07470027141986
2025_06_NE_NO,2025,6,44.0,41.44677141494965,42.729920912718946
2025_06_CLE_PIT,2025,6,32.0,41.13257674128174,42.1562051623002
2025_06_TEN_LV,2025,6,30.0,41.92199658218234,42.047499796472664
2025_06_CIN_GB,2025,6,45.0,44.95281220098407,43.60632149216829
2025_06_SF_TB,2025,6,49.0,51.29107997512686,49.263687470668714
2025_06_DET_KC,2025,6,47.0,48.40379184763595,48.109577130542135
2025_06_BUF_ATL,2025,6,38.0,47.46328043052817,44.90500002521957
2025_06_CHI_WAS,2025,6,49.0,47.67269168671092,46.68739992695784
2025_07_PIT_CIN,2025,7,64.0,44.13625941572855,42.48589956236484
2025_07_LA_JAX,2025,7,42.0,44.4395684405052,45.28844633979162
2025_07_NO_CHI,2025,7,40.0,46.94943422173685,48.541141874940394
2025_07_MIA_CLE,2025,7,37.0,40.17210584193128,41.075972711198986
2025_07_LV_KC,2025,7,31.0,44.15919041840077,45.82151171559248
2025_07_PHI_MIN,2025,7,50.0,43.10709368210544,42.1380843416469
2025_07_CAR_NYJ,2025,7,19.0,44.32464602008781,43.169586421640915
2025_07_NE_TEN,2025,7,44.0,41.318226198767334,41.50127809314185
2025_07_NYG_DEN,2025,7,65.0,40.34459107335108,39.885622415731916
2025_07_IND_LAC,2025,7,62.0,46.574040292461376,45.58959429206884
2025_07_GB_ARI,2025,7,50.0,45.615692952758195,46.34299458677187
2025_07_WAS_DAL,2025,7,66.0,50.22081161728103,49.08947626273877
2025_07_ATL_SF,2025,7,30.0,47.292985171857225,48.252367558753775
2025_07_TB_DET,2025,7,33.0,51.44618109901924,49.57891832936703
2025_07_HOU_SEA,2025,7,46.0,44.2110112526531,46.097442987588096
2025_08_MIN_LAC,2025,8,47.0,45.05862027757931,46.021586894221336
2025_08_MIA_ATL,2025,8,44.0,42.54698071090196,42.56698418968046
2025_08_CHI_BAL,2025,8,46.0,46.65799106212728,45.21580358435885
2025_08_BUF_CAR,2025,8,49.0,48.13094693863395,46.289009692196856
2025_08_NYJ_CIN,2025,8,77.0,44.73147081260419,43.340242157345656
2025_08_SF_HOU,2025,8,41.0,41.663977044804554,43.260485851111824
2025_08_CLE_NE,2025,8,45.0,44.03401543720411,45.59107998273265
2025_08_NYG_PHI,2025,8,58.0,45.529137194452794,45.37311409819689
2025_08_TB_NO,2025,8,26.0,44.40803359330942,43.56009664776025
2025_08_DAL_DEN,2025,8,68.0,49.525846186025944,48.88177257851644
2025_08_TEN_IND,2025,8,52.0,46.22063922352487,44.361374148645254
2025_08_GB_PIT,2025,8,60.0,46.43063951333348,46.20240434718506
2025_08_WAS_KC,2025,8,35.0,47.21109398895345,47.4981213397403
2025_09_BAL_MIA,2025,9,34.0,47.73605586373841,44.377922790471814
2025_09_CHI_CIN,2025,9,89.0,51.39112714174723,50.43105914630024
2025_09_MIN_DET,2025,9,51.0,46.66013336323083,43.91621368367251
2025_09_CAR_GB,2025,9,29.0,48.203659849100646,49.34991450894664
2025_09_DEN_HOU,2025,9,33.0,44.160761440091825,46.72029554499977
2025_09_ATL_NE,2025,9,47.0,45.55419702313969,46.88485611189745
2025_09_SF_NYG,2025,9,58.0,45.31779212102256,45.24028146851245
2025_09_IND_PIT,2025,9,47.0,50.55303779381567,50.37253974053857
2025_09_LAC_TEN,2025,9,47.0,42.246307476010884,42.70202869294579
2025_09_NO_LA,2025,9,44.0,43.49836065391793,43.57638098785423
2025_09_JAX_LV,2025,9,59.0,40.61584008361701,40.910369477414505
2025_09_KC_BUF,2025,9,49.0,48.9340479083573,49.07223952708112
2025_09_SEA_WAS,2025,9,52.0,45.679271676196905,44.24749138188864
2025_09_ARI_DAL,2025,9,44.0,48.438529795966446,46.71790083652874
2025_10_LV_DEN,2025,10,17.0,42.96408228950354,43.733309453463406
2025_10_ATL_IND,2025,10,56.0,47.87729340285195,46.49062914563515
2025_10_NO_CAR,2025,10,24.0,42.024875999220114,41.51397755574105
2025_10_NYG_CHI,2025,10,44.0,49.786556523345496,49.382736444763495
2025_10_JAX_HOU,2025,10,65.0,43.77363877159522,45.630570312468826
2025_10_BUF_MIA,2025,10,43.0,46.53176265727277,44.07348463143942
2025_10_BAL_MIN,2025,10,46.0,45.913661995473056,42.622295099999896
2025_10_CLE_NYJ,2025,10,47.0,39.08245219768399,39.222576244498015
2025_10_NE_TB,2025,10,51.0,48.70311802162961,48.57154877703276
2025_10_ARI_SEA,2025,10,66.0,48.089886582082954,49.23069865950599
2025_10_LA_SF,2025,10,68.0,46.20125019255005,47.0049914383231
2025_10_DET_WAS,2025,10,66.0,47.801714472245315,44.55342528791307
2025_10_PIT_LAC,2025,10,35.0,46.53169440535194,47.651811986009896
2025_10_PHI_GB,2025,10,17.0,48.2277099239226,47.70742337736071
2025_11_NYJ_NE,2025,11,41.0,45.79148952030212,45.065352275207765
2025_11_WAS_MIA,2025,11,29.0,44.99008818619478,42.06056233162117
2025_11_CAR_ATL,2025,11,57.0,40.23516696917123,40.42885109676513
2025_11_TB_BUF,2025,11,76.0,48.320234389964504,44.926818115807826
2025_11_LAC_JAX,2025,11,41.0,45.29128769971565,44.942354690408045
2025_11_CHI_MIN,2025,11,36.0,45.52838076858623,46.96561326702282
2025_11_GB_NYG,2025,11,47.0,47.56124481433899,48.80516692301403
2025_11_CIN_PIT,2025,11,46.0,48.71047505717043,48.45921172518235
2025_11_HOU_TEN,2025,11,29.0,40.924790877441595,41.74054750169552
2025_11_SF_ARI,2025,11,63.0,46.389985621702465,46.2888802192272
2025_11_SEA_LA,2025,11,40.0,47.824126711644794,47.54631166517501
2025_11_BAL_CLE,2025,11,39.0,41.155182794752186,39.33916860680917
2025_11_KC_DEN,2025,11,41.0,44.513627516637065,46.857444939312785
2025_11_DET_PHI,2025,11,25.0,50.48951428728757,48.61916570310126
2025_11_DAL_LV,2025,11,49.0,42.889882606523194,40.20192086594352
2025_12_BUF_HOU,2025,12,42.0,47.543314226546535,48.55519867189073
2025_12_NYJ_BAL,2025,12,33.0,45.997154514568244,42.32874249146354
2025_12_PIT_CHI,2025,12,59.0,46.98111437249389,47.50524710286567
2025_12_NE_CIN,2025,12,46.0,53.03650560596948,53.019531740882115
2025_12_NYG_DET,2025,12,61.0,48.96384761816362,46.87348636199816
2025_12_MIN_GB,2025,12,29.0,42.401401317297086,42.49322885658057
2025_12_IND_KC,2025,12,43.0,47.542992585291316,46.89861111818222
2025_12_SEA_TEN,2025,12,54.0,42.88048331854864,42.52987779291689
2025_12_JAX_ARI,2025,12,51.0,46.32320396002498,45.77876332937771
2025_12_CLE_LV,2025,12,34.0,36.36366353002127,38.88760971554696
2025_12_PHI_DAL,2025,12,45.0,50.20851029331611,47.68310414691393
2025_12_ATL_NO,2025,12,34.0,40.12607633877573,40.32937054524281
2025_12_TB_LA,2025,12,41.0,47.59243447550977,46.79813927325938
2025_12_CAR_SF,2025,12,29.0,47.14820604648831,47.283213301843375
2025_13_GB_DET,2025,13,55.0,49.23475078323797,48.495932591218825
2025_13_KC_DAL,2025,13,59.0,49.861906143970124,48.822715058469115
2025_13_CIN_BAL,2025,13,46.0,47.857348089399366,44.53960951524431
2025_13_CHI_PHI,2025,13,39.0,45.1082943461593,46.58728446389371
2025_13_LA_CAR,2025,13,59.0,45.313322192844836,45.505778268206555
2025_13_SF_CLE,2025,13,34.0,39.40794457820135,41.020207280081834
2025_13_HOU_IND,2025,13,36.0,46.48024530191256,46.05927290700449
2025_13_NO_MIA,2025,13,38.0,43.94050936559735,43.85416573666829
2025_13_ATL_NYJ,2025,13,51.0,43.362745724831214,44.878991546451395
2025_13_ARI_TB,2025,13,37.0,46.381517029315624,44.87304405698779
2025_13_JAX_TEN,2025,13,28.0,41.94737549383113,41.853921908116384
2025_13_MIN_SEA,2025,13,26.0,46.03021932601402,45.41990916402504
2025_13_LV_LAC,2025,13,45.0,41.46838027636565,40.75432645136281
2025_13_BUF_PIT,2025,13,33.0,46.9633639944147,45.00054166901207
2025_13_DEN_WAS,2025,13,53.0,43.430256816902705,43.11939762852664
2025_13_NYG_NE,2025,13,48.0,48.72295478384373,49.620547985087335
2025_14_DAL_DET,2025,14,74.0,52.6301369201483,50.33431082472325
2025_14_SEA_ATL,2025,14,46.0,45.67718925490426,45.51391605642776
2025_14_PIT_BAL,2025,14,49.0,42.799537823651264,41.12791821249728
2025_14_TEN_CLE,2025,14,60.0,35.72527607950116,35.91843730321056
2025_14_IND_JAX,2025,14,55.0,47.78516044859812,44.86705809528061
2025_14_WAS_MIN,2025,14,31.0,43.193864412202075,42.14916440951209
2025_14_MIA_NYJ,2025,14,44.0,43.210038771666774,42.95457853149309
2025_14_NO_TB,2025,14,44.0,43.955065061367776,43.706568316786324
2025_14_CIN_BUF,2025,14,73.0,47.942555717364826,45.302492660493044
2025_14_DEN_LV,2025,14,41.0,40.65903539904917,40.36769814366573
2025_14_CHI_GB,2025,14,49.0,44.817727074395826,45.20313754434798
2025_14_LA_ARI,2025,14,62.0,44.71429831149301,46.340432183466234
2025_14_HOU_KC,2025,14,30.0,44.081390711811196,47.662033857074036
2025_14_PHI_LAC,2025,14,41.0,42.134901629566386,41.601840580064895
2025_15_ATL_TB,2025,15,57.0,44.91181540745379,44.20029796775002
2025_15_CLE_CHI,2025,15,34.0,43.270583051368476,43.88502775417857
2025_15_BAL_CIN,2025,15,24.0,48.8993988556269,45.07531557955487
2025_15_ARI_HOU,2025,15,60.0,42.62832225197691,43.267652538691614
2025_15_NYJ_JAX,2025,15,68.0,43.89712106520069,42.76675323723007
2025_15_LAC_KC,2025,15,29.0,42.48270762806474,42.827212142234885
2025_15_BUF_NE,2025,15,66.0,49.70347201442422,49.53205627107337
2025_15_WAS_NYG,2025,15,50.0,46.27209205058592,44.40369323437744
2025_15_LV_PHI,2025,15,31.0,39.0960637644128,38.232452629445284
2025_15_GB_DEN,2025,15,60.0,45.11472834702423,46.74042154811079
2025_15_DET_LA,2025,15,75.0,50.23416226994392,48.7342676713067
2025_15_CAR_NO,2025,15,37.0,37.20111839590358,37.5010240334094
2025_15_IND_SEA,2025,15,34.0,48.35432539305498,44.838807097341046
2025_15_TEN_SF,2025,15,61.0,45.413636138892315,44.612035149628085
2025_15_MIN_DAL,2025,15,60.0,46.93825630943884,45.342418547910064
2025_15_MIA_PIT,2025,15,43.0,44.88149159768717,45.254701000673165
2025_16_LA_SEA,2025,16,75.0,47.895237367985786,48.820433868908026
2025_16_PHI_WAS,2025,16,47.0,43.92141233895478,43.494915684289786
2025_16_GB_CHI,2025,16,38.0,47.63778145432819,47.88512849587839
2025_16_TB_CAR,2025,16,43.0,45.2103751571194,44.20251999603633
2025_16_BUF_CLE,2025,16,43.0,42.817066780850816,42.04130776784456
2025_16_LAC_DAL,2025,16,51.0,50.83369164785519,48.63034722048694
2025_16_NYJ_NO,2025,16,35.0,40.40844410168579,40.723775681087446
2025_16_MIN_NYG,2025,16,29.0,41.888284903246486,42.15272062320989
2025_16_KC_TEN,2025,16,35.0,41.84346890190275,43.229663465657055
2025_16_CIN_MIA,2025,16,66.0,46.496480940091914,43.6591189988401
2025_16_ATL_ARI,2025,16,45.0,45.0354801284046,44.501662941663774
2025_16_JAX_DEN,2025,16,54.0,47.806241529083806,49.10354386589374
2025_16_PIT_DET,2025,16,53.0,51.460594352718275,51.21078427931855
2025_16_LV_HOU,2025,16,44.0,40.80313162098673,41.90203583094596
2025_16_NE_BAL,2025,16,52.0,46.06815879391225,46.92053835865454
2025_16_SF_IND,2025,16,75.0,45.464693435983506,42.58675512042196
2025_17_DAL_WAS,2025,17,53.0,48.342741070441846,46.30706283820268
2025_17_DET_MIN,2025,17,33.0,43.24299899376773,42.69894946269737
2025_17_DEN_KC,2025,17,33.0,41.19695699421813,43.59149177699232
2025_17_HOU_LAC,2025,17,36.0,43.92391129526547,45.973037813752015
2025_17_BAL_GB,2025,17,65.0,45.78063497248709,47.67471755826192
2025_17_SEA_CAR,2025,17,37.0,44.91060418721848,43.72730099551663
2025_17_ARI_CIN,2025,17,51.0,49.1392646350623,46.41657382048354
2025_17_PIT_CLE,2025,17,19.0,40.22394948818246,41.83903171524292
2025_17_JAX_IND,2025,17,40.0,47.355629975066954,44.281827330230755
2025_17_TB_MIA,2025,17,37.0,46.81658799788266,46.14194287042897
2025_17_NE_NYJ,2025,17,52.0,45.070285564494114,46.2955238171917
2025_17_NO_TEN,2025,17,60.0,41.74209902199139,42.52318622618328
2025_17_NYG_LV,2025,17,44.0,40.97171387965882,40.04283211316925
2025_17_PHI_BUF,2025,17,25.0,48.348436399748074,47.97414533306652
2025_17_CHI_SF,2025,17,80.0,51.25104503887284,49.545444655271915
2025_17_LA_ATL,2025,17,51.0,49.73994005113042,50.894358546010366
2025_18_CAR_TB,2025,18,30.0,44.09161677799122,44.18977331277952
2025_18_SEA_SF,2025,18,16.0,51.69553899599629,51.38970356763282
2025_18_NO_ATL,2025,18,36.0,44.28207763152409,46.74507746608984
2025_18_CLE_CIN,2025,18,38.0,43.99587843824759,43.412208597854544
2025_18_IND_HOU,2025,18,68.0,45.88405401367186,45.418719389897745
2025_18_TEN_JAX,2025,18,48.0,48.29920276420516,48.03483461013648
2025_18_GB_MIN,2025,18,19.0,40.79344365666897,43.14630057209756
2025_18_DAL_NYG,2025,18,51.0,45.79356578648294,43.01943555753979
2025_18_NYJ_BUF,2025,18,43.0,45.96645924554892,44.38356447474176
2025_18_DET_CHI,2025,18,35.0,49.16658164508628,47.422712167864574
2025_18_LAC_DEN,2025,18,22.0,43.766570734424825,45.271214762445446
2025_18_ARI_LA,2025,18,57.0,50.43216520641492,51.10686111287589
2025_18_KC_LV,2025,18,26.0,36.8635130166545,36.33603781229155
2025_18_MIA_NE,2025,18,48.0,47.53232221305936,49.1417279565981
2025_18_WAS_PHI,2025,18,41.0,41.11144512322915,40.68579279004683
2025_18_BAL_PIT,2025,18,50.0,45.919161418477636,46.97839155334482
