"game","week","run","published","lead_hours","margin","independent","total","actual_margin","actual_total","market_margin","market_total","calibrated"
"2026_01_ARI_LAC","1","20260801T065736Z-d7e5a11d","8/1/2026 6:57:36 AM +00:00","1045.45665212056","6.05","6.05","41.2","-12.0","40.0",,,"False"
"2026_01_MIA_LV","1","20260801T065736Z-d7e5a11d","8/1/2026 6:57:36 AM +00:00","1045.45665212056","-5.75","-5.75","35.7","14.0","40.0",,,"False"
"2026_01_ATL_PIT","1","20260801T065736Z-d7e5a11d","8/1/2026 6:57:36 AM +00:00","1042.03998545389","2.53","2.53","44.9","7.0","33.0",,,"False"
"2026_01_NYJ_TEN","1","20260801T065736Z-d7e5a11d","8/1/2026 6:57:36 AM +00:00","1042.03998545389","2.3","2.3","40.0","-13.0","33.0",,,"False"
"2026_01_DAL_NYG","1","20260801T065736Z-d7e5a11d","8/1/2026 6:57:36 AM +00:00","1049.37331878722","-0.16","-0.16","40.5","8.0","48.0",,,"False"
"2026_01_DEN_KC","1","20260801T065736Z-d7e5a11d","8/1/2026 6:57:36 AM +00:00","1073.28998545389","-8.95","-8.95","35.1","21.0","41.0",,,"False"
"2026_01_GB_MIN","1","20260801T065736Z-d7e5a11d","8/1/2026 6:57:36 AM +00:00","1045.45665212056","3.08","3.08","35.9","17.0","61.0",,,"False"
"2026_01_WAS_PHI","1","20260801T065736Z-d7e5a11d","8/1/2026 6:57:36 AM +00:00","1045.45665212056","7.66","7.66","39.9","2.0","46.0",,,"False"
"2026_01_CHI_CAR","1","20260801T065736Z-d7e5a11d","8/1/2026 6:57:36 AM +00:00","1042.03998545389","-2.75","-2.75","42.3","-22.0","96.0",,,"False"
"2026_01_TB_CIN","1","20260801T065736Z-d7e5a11d","8/1/2026 6:57:36 AM +00:00","1042.03998545389","4.54","4.54","43.2","6.0","60.0",,,"False"
"2026_01_NE_SEA","1","20260801T065736Z-d7e5a11d","8/1/2026 6:57:36 AM +00:00","953.373318787222","-1.25","-1.25","48.7","3.0","23.0",,,"False"
"2026_01_SF_LA","1","20260801T065736Z-d7e5a11d","8/1/2026 6:57:36 AM +00:00","977.623318787222","0.09","0.09","46.0","-20.0","34.0",,,"False"
"2026_01_BAL_IND","1","20260801T065736Z-d7e5a11d","8/1/2026 6:57:36 AM +00:00","1042.03998545389","-5.56","-5.56","44.0","-18.0","64.0",,,"False"
"2026_01_CLE_JAX","1","20260801T065736Z-d7e5a11d","8/1/2026 6:57:36 AM +00:00","1042.03998545389","12.97","12.97","44.1","24.0","44.0",,,"False"
"2026_01_NO_DET","1","20260801T065736Z-d7e5a11d","8/1/2026 6:57:36 AM +00:00","1042.03998545389","-2.11","-2.11","42.0","1.0","61.0",,,"False"
"2026_01_BUF_HOU","1","20260801T065736Z-d7e5a11d","8/1/2026 6:57:36 AM +00:00","1042.03998545389","0.94","0.94","51.1","-5.0","67.0",,,"False"
"2026_02_LV_LAC","2","20260915T131112Z-33d0f923","9/15/2026 1:11:12 PM +00:00","126.896489186667","3.82","3.82","47.2","-12.0","40.0","7.0","43.5","False"
"2026_02_SEA_ARI","2","20260915T131112Z-33d0f923","9/15/2026 1:11:12 PM +00:00","127.22982252","-7.39","-7.39","37.9","-24.0","38.0","-4.0","41.5","False"
"2026_02_PHI_TEN","2","20260915T131112Z-33d0f923","9/15/2026 1:11:12 PM +00:00","123.813155853333","-3.1","-3.1","42.1","-4.0","44.0","-7.0","39.5","False"
"2026_02_JAX_DEN","2","20260915T131112Z-33d0f923","9/15/2026 1:11:12 PM +00:00","126.896489186667","-3.64","-3.64","42.9","7.0","33.0","2.5","44.5","False"
"2026_02_IND_KC","2","20260915T131112Z-33d0f923","9/15/2026 1:11:12 PM +00:00","131.146489186667","3.24","3.24","37.4","3.0","63.0","6.5","47.5","False"
"2026_02_NYG_LA","2","20260915T131112Z-33d0f923","9/15/2026 1:11:12 PM +00:00","155.063155853333","2.15","2.15","50.9","22.0","34.0","7.0","48.5","False"
"2026_02_WAS_DAL","2","20260915T131112Z-33d0f923","9/15/2026 1:11:12 PM +00:00","127.22982252","2.7","2.7","49.3","17.0","57.0","3.5","50.5","False"
"2026_02_MIA_SF","2","20260915T131112Z-33d0f923","9/15/2026 1:11:12 PM +00:00","127.22982252","8.43","8.43","50.1","22.0","48.0","13.5","45.5","False"
"2026_02_NO_BAL","2","20260915T131112Z-33d0f923","9/15/2026 1:11:12 PM +00:00","123.813155853333","3.65","3.65","50.5","-7.0","41.0","8.5","47.0","False"
"2026_02_MIN_CHI","2","20260915T131112Z-33d0f923","9/15/2026 1:11:12 PM +00:00","123.813155853333","4.37","4.37","46.4","-6.0","12.0","5.5","49.5","False"
"2026_02_DET_BUF","2","20260915T131112Z-33d0f923","9/15/2026 1:11:12 PM +00:00","59.0631558533333","5.55","5.55","50.3","10.0","72.0","4.5","53.5","False"
"2026_02_CAR_ATL","2","20260915T131112Z-33d0f923","9/15/2026 1:11:12 PM +00:00","123.813155853333","3.2","3.2","39.3","-31.0","37.0","-1.0","44.0","False"
"2026_02_GB_NYJ","2","20260915T131112Z-33d0f923","9/15/2026 1:11:12 PM +00:00","123.813155853333","-3.96","-3.96","43.0","-3.0","37.0","-3.5","44.5","False"
"2026_02_CLE_TB","2","20260915T131112Z-33d0f923","9/15/2026 1:11:12 PM +00:00","123.813155853333","6.04","6.04","47.2","-4.0","42.0","8.5","41.0","False"
"2026_02_CIN_HOU","2","20260915T131112Z-33d0f923","9/15/2026 1:11:12 PM +00:00","123.813155853333","0.65","0.65","51.0","-14.0","26.0","3.0","46.5","False"
"2026_02_PIT_NE","2","20260915T131112Z-33d0f923","9/15/2026 1:11:12 PM +00:00","123.813155853333","8.7","8.7","46.3","17.0","23.0","5.5","42.0","False"
"2026_03_ARI_SF","3","20260922T121055Z-2115fcfb","9/22/2026 12:10:55 PM +00:00","127.901194028056","12.7","12.7","49.1",,,"8.5","48.0","False"
"2026_03_MIN_TB","3","20260922T121055Z-2115fcfb","9/22/2026 12:10:55 PM +00:00","127.901194028056","-0.95","-0.95","41.1",,,"-1.5","43.0","False"
"2026_03_CIN_PIT","3","20260922T121055Z-2115fcfb","9/22/2026 12:10:55 PM +00:00","124.817860694722","-1.86","-1.86","39.8",,,"-3.5","42.5","False"
"2026_03_SEA_WAS","3","20260922T121055Z-2115fcfb","9/22/2026 12:10:55 PM +00:00","124.817860694722","-4.21","-4.21","41.4",,,"-7.0","40.0","False"
"2026_03_LA_DEN","3","20260922T121055Z-2115fcfb","9/22/2026 12:10:55 PM +00:00","132.151194028056","0.64","0.64","44.2",,,"-1.5","45.5","False"
"2026_03_PHI_CHI","3","20260922T121055Z-2115fcfb","9/22/2026 12:10:55 PM +00:00","156.067860694722","3.91","3.91","44.9",,,"-3.0","44.0","False"
"2026_03_BAL_DAL","3","20260922T121055Z-2115fcfb","9/22/2026 12:10:55 PM +00:00","128.234527361389","0.75","0.75","49.2",,,"-3.0","52.5","False"
"2026_03_LV_NO","3","20260922T121055Z-2115fcfb","9/22/2026 12:10:55 PM +00:00","128.234527361389","6.47","6.47","47.9",,,"3.0","43.5","False"
"2026_03_CAR_CLE","3","20260922T121055Z-2115fcfb","9/22/2026 12:10:55 PM +00:00","124.817860694722","-0.25","-0.25","42.2",,,"-3.0","42.0","False"
"2026_03_NYJ_DET","3","20260922T121055Z-2115fcfb","9/22/2026 12:10:55 PM +00:00","124.817860694722","7.25","7.25","41.4",,,"6.5","48.0","False"
"2026_03_ATL_GB","3","20260922T121055Z-2115fcfb","9/22/2026 12:10:55 PM +00:00","60.0678606947222","0.03","0.03","38.9","-21.0","49.0","6.5","44.5","False"
"2026_03_LAC_BUF","3","20260922T121055Z-2115fcfb","9/22/2026 12:10:55 PM +00:00","124.817860694722","10.13","10.13","50.9",,,"7.0","50.5","False"
"2026_03_KC_MIA","3","20260922T121055Z-2115fcfb","9/22/2026 12:10:55 PM +00:00","124.817860694722","-1.34","-1.34","38.8",,,"-11.5","46.0","False"
"2026_03_TEN_NYG","3","20260922T121055Z-2115fcfb","9/22/2026 12:10:55 PM +00:00","124.817860694722","6.79","6.79","46.6",,,"3.5","40.5","False"
"2026_03_HOU_IND","3","20260922T121055Z-2115fcfb","9/22/2026 12:10:55 PM +00:00","124.817860694722","-6.38","-6.38","45.6",,,"-2.5","43.5","False"
"2026_03_NE_JAX","3","20260922T121055Z-2115fcfb","9/22/2026 12:10:55 PM +00:00","124.817860694722","3.02","3.02","48.5",,,"3.0","45.5","False"
